행정구역,2022_4Q_전체,2022_4Q_1층,2022_4Q_1층외,2023_1Q_전체,2023_1Q_1층,2023_1Q_1층외,2023_2Q_전체,2023_2Q_1층,2023_2Q_1층외
서울시 전체,139927.0,153155.0,126700.0,143793.0,156525.0,131061.0,141418.0,155598.0,127239.0
종로구,195850.0,224889.0,166811.0,194714.0,221575.0,167852.0,197186.0,229859.0,164512.0
청운효자동,155797.0,224849.0,86744.0,151256.0,225252.0,77260.0,133334.0,206441.0,60228.0
사직동,173553.0,246659.0,100447.0,150227.0,209365.0,91088.0,141193.0,188607.0,93778.0
삼청동,168139.0,200614.0,135664.0,190228.0,226225.0,154231.0,169873.0,169873.0,
부암동,99441.0,122603.0,76278.0,107082.0,107082.0,,109504.0,109504.0,
평창동,121969.0,132186.0,111752.0,116535.0,,116535.0,126802.0,147356.0,106248.0
무악동,,,,,,,,,
교남동,200555.0,285647.0,115463.0,101769.0,,101769.0,,,
가회동,142796.0,197115.0,88478.0,147750.0,182265.0,113234.0,161368.0,219095.0,103642.0
종로1·2·3·4가동,192001.0,244442.0,139559.0,187156.0,245914.0,128398.0,189722.0,256505.0,122939.0
종로5·6가동,281017.0,263403.0,298631.0,286159.0,280661.0,291657.0,293452.0,297898.0,289006.0
이화동,185904.0,218797.0,153011.0,138022.0,167447.0,108598.0,127050.0,181404.0,72696.0
혜화동,179990.0,217056.0,142923.0,166815.0,197809.0,135821.0,153644.0,204479.0,102810.0
창신1동,180189.0,204278.0,156099.0,192102.0,195088.0,189117.0,201891.0,219762.0,184020.0
창신2동,101909.0,85444.0,118373.0,130739.0,158077.0,103402.0,112629.0,163443.0,61815.0
창신3동,,,,,,,,,
숭인1동,126031.0,193281.0,58780.0,133449.0,198071.0,68827.0,124675.0,165835.0,83515.0
숭인2동,124208.0,156963.0,91452.0,127058.0,140199.0,113917.0,133623.0,161002.0,106245.0
중구,275398.0,280238.0,270559.0,291943.0,303867.0,280019.0,292292.0,307381.0,277204.0
소공동,226786.0,227217.0,226356.0,249449.0,245179.0,253720.0,253327.0,244457.0,262197.0
회현동,312795.0,363503.0,262087.0,317236.0,374465.0,260007.0,333760.0,402204.0,265317.0
명동,248622.0,280116.0,217128.0,272611.0,339342.0,205881.0,281425.0,355871.0,206979.0
필동,189434.0,246019.0,132848.0,188615.0,217191.0,160040.0,167234.0,165328.0,169141.0
장충동,159633.0,186078.0,133189.0,162044.0,172182.0,151907.0,182043.0,211625.0,152460.0
광희동,256764.0,266033.0,247495.0,274698.0,289119.0,260277.0,260770.0,277501.0,244039.0
을지로동,237245.0,314662.0,159828.0,247792.0,333720.0,161864.0,247564.0,329426.0,165702.0
신당동,389385.0,364571.0,414199.0,402111.0,379403.0,424819.0,394262.0,345447.0,443077.0
다산동,173151.0,216201.0,130101.0,159257.0,188676.0,129838.0,175007.0,235252.0,114762.0
약수동,226068.0,259591.0,192546.0,259622.0,289901.0,229343.0,272632.0,254421.0,290842.0
청구동,162594.0,148111.0,177076.0,169627.0,146151.0,193104.0,160147.0,139527.0,180766.0
신당5동,216182.0,198469.0,233894.0,216762.0,198470.0,235055.0,224402.0,257270.0,191533.0
동화동,207380.0,203451.0,211309.0,202762.0,224049.0,181475.0,174583.0,208720.0,140446.0
황학동,202525.0,170345.0,234705.0,197748.0,213971.0,181525.0,206978.0,219031.0,194925.0
중림동,236190.0,237860.0,234520.0,307678.0,348453.0,266902.0,297493.0,354776.0,240210.0
용산구,142406.0,163246.0,121566.0,144120.0,168079.0,120161.0,142058.0,167407.0,116709.0
후암동,103329.0,132707.0,73952.0,116868.0,159727.0,74009.0,87841.0,128452.0,47231.0
용산2가동,103104.0,118008.0,88201.0,105556.0,114104.0,97007.0,101343.0,119771.0,82914.0
남영동,157798.0,146560.0,169035.0,149415.0,154205.0,144626.0,144805.0,151047.0,138564.0
청파동,109518.0,143390.0,75647.0,108114.0,145368.0,70860.0,105793.0,137214.0,74373.0
원효로1동,105836.0,137568.0,74105.0,109022.0,132813.0,85231.0,107412.0,111653.0,103171.0
원효로2동,126612.0,112274.0,140949.0,101529.0,94360.0,108698.0,94043.0,90764.0,97322.0
효창동,103055.0,145356.0,60754.0,117586.0,177630.0,57542.0,135790.0,177888.0,93691.0
용문동,136639.0,174587.0,98691.0,130456.0,157005.0,103907.0,127380.0,152993.0,101766.0
한강로동,126387.0,138484.0,114290.0,121102.0,133044.0,109161.0,130702.0,153052.0,108351.0
이촌1동,232037.0,340529.0,123546.0,237754.0,334546.0,140963.0,252552.0,359302.0,145801.0
이촌2동,69916.0,69916.0,,54623.0,54623.0,,73301.0,59597.0,87004.0
이태원1동,191528.0,213115.0,169942.0,185408.0,216836.0,153980.0,182180.0,213394.0,150966.0
이태원2동,172109.0,194046.0,150172.0,153605.0,184292.0,122917.0,150380.0,192326.0,108434.0
한남동,133757.0,138265.0,129248.0,146607.0,163414.0,129799.0,139871.0,159078.0,120663.0
서빙고동,86268.0,90824.0,81713.0,78141.0,90221.0,66062.0,78573.0,72545.0,84601.0
보광동,96089.0,120038.0,72140.0,102420.0,118355.0,86484.0,94721.0,105448.0,83994.0
성동구,178968.0,187245.0,170690.0,205485.0,214219.0,196750.0,225218.0,234169.0,216267.0
왕십리2동,148569.0,170351.0,126788.0,181907.0,220673.0,143141.0,209598.0,200353.0,218844.0
왕십리도선동,188720.0,198129.0,179311.0,203824.0,197800.0,209848.0,239674.0,247577.0,231771.0
마장동,158177.0,188552.0,127802.0,170732.0,202929.0,138535.0,165478.0,167208.0,163748.0
사근동,224797.0,218127.0,231466.0,320184.0,290173.0,350194.0,358070.0,336174.0,379966.0
행당1동,189018.0,189047.0,188989.0,224350.0,195329.0,253371.0,226068.0,219364.0,232771.0
행당2동,200487.0,187565.0,213408.0,211680.0,171728.0,251632.0,192822.0,221867.0,163776.0
응봉동,300141.0,,300141.0,286227.0,,286227.0,296341.0,,296341.0
금호1가동,130301.0,135960.0,124642.0,161099.0,219969.0,102230.0,165635.0,,165635.0
금호2·3가동,179143.0,248919.0,109367.0,169363.0,258134.0,80591.0,183309.0,213920.0,152697.0
금호4가동,225265.0,248469.0,202062.0,247148.0,259017.0,235279.0,238589.0,285547.0,191631.0
옥수동,200791.0,198128.0,203454.0,195159.0,193401.0,196916.0,324194.0,433922.0,214466.0
성수1가1동,157825.0,108806.0,206843.0,197818.0,176925.0,218711.0,224435.0,231957.0,216913.0
성수1가2동,221072.0,239343.0,202801.0,258187.0,292442.0,223931.0,285984.0,325673.0,246295.0
성수2가1동,152585.0,145855.0,159314.0,196739.0,187300.0,206178.0,224887.0,219428.0,230346.0
성수2가3동,173311.0,186863.0,159759.0,203812.0,220443.0,187181.0,233531.0,248828.0,218234.0
송정동,165047.0,144863.0,185231.0,190125.0,190125.0,,279367.0,180994.0,377739.0
용답동,144148.0,173685.0,114610.0,129943.0,162423.0,97463.0,126114.0,169497.0,82730.0
광진구,112871.0,131081.0,94660.0,111289.0,127717.0,94862.0,106205.0,123408.0,89002.0
화양동,148440.0,187644.0,109236.0,140256.0,171204.0,109309.0,128875.0,157048.0,100703.0
군자동,121174.0,117810.0,124538.0,136336.0,113604.0,159068.0,131216.0,124371.0,138062.0
중곡1동,89540.0,124660.0,54421.0,84961.0,113740.0,56182.0,92980.0,108788.0,77172.0
중곡2동,92658.0,104358.0,80959.0,97718.0,107089.0,88348.0,78863.0,101834.0,55892.0
중곡3동,85483.0,97761.0,73204.0,96870.0,98719.0,95021.0,76944.0,96366.0,57521.0
중곡4동,95855.0,117258.0,74453.0,85666.0,113315.0,58017.0,103981.0,143352.0,64610.0
능동,116337.0,142715.0,89959.0,106892.0,130902.0,82883.0,111551.0,125668.0,97435.0
광장동,147295.0,182573.0,112017.0,143796.0,170673.0,116919.0,133834.0,168735.0,98933.0
자양1동,95751.0,133578.0,57924.0,95228.0,129038.0,61418.0,92354.0,121967.0,62742.0
자양2동,109256.0,101280.0,117233.0,110408.0,99836.0,120980.0,85784.0,91432.0,80135.0
자양3동,114695.0,137264.0,92125.0,110730.0,146511.0,74949.0,100646.0,110579.0,90712.0
자양4동,135236.0,143423.0,127050.0,114745.0,130860.0,98630.0,114796.0,140345.0,89247.0
구의1동,107831.0,125039.0,90623.0,107712.0,125173.0,90250.0,103271.0,123256.0,83286.0
구의2동,95073.0,116323.0,73822.0,90625.0,106505.0,74745.0,103953.0,122635.0,85270.0
구의3동,117973.0,125373.0,110572.0,119269.0,136432.0,102106.0,112852.0,124042.0,101662.0
동대문구,95276.0,115175.0,75377.0,96876.0,117231.0,76520.0,94172.0,119163.0,69180.0
용신동,91846.0,102724.0,80967.0,94130.0,102931.0,85329.0,94032.0,109733.0,78332.0
제기동,90602.0,120254.0,60950.0,88121.0,120318.0,55925.0,87247.0,117586.0,56907.0
전농1동,91869.0,108523.0,75215.0,103847.0,116774.0,90919.0,97846.0,124003.0,71688.0
전농2동,108718.0,127996.0,89441.0,93965.0,127864.0,60067.0,92142.0,127606.0,56679.0
답십리1동,115863.0,142875.0,88852.0,106418.0,134982.0,77854.0,112111.0,136503.0,87719.0
답십리2동,80012.0,95736.0,64288.0,84262.0,108791.0,59733.0,81819.0,108519.0,55119.0
장안1동,87936.0,104005.0,71867.0,91352.0,106930.0,75773.0,87242.0,104852.0,69633.0
장안2동,89079.0,105931.0,72226.0,93934.0,119381.0,68487.0,89364.0,119039.0,59688.0
청량리동,94276.0,124390.0,64161.0,90637.0,121204.0,60070.0,85188.0,109695.0,60681.0
회기동,124122.0,146428.0,101817.0,119096.0,144702.0,93489.0,106797.0,143524.0,70071.0
휘경1동,95945.0,142949.0,48941.0,78714.0,113460.0,43967.0,81286.0,114584.0,47987.0
휘경2동,107301.0,95211.0,119391.0,110476.0,76179.0,144773.0,72965.0,82740.0,63189.0
이문1동,98122.0,142956.0,53289.0,127418.0,159285.0,95552.0,127072.0,162180.0,91963.0
이문2동,87243.0,112258.0,62228.0,73509.0,101182.0,45836.0,94483.0,137725.0,51241.0
중랑구,85954.0,106802.0,65105.0,83917.0,106181.0,61652.0,82183.0,104666.0,59700.0
면목2동,60626.0,85630.0,35622.0,57885.0,78034.0,37736.0,63976.0,86284.0,41667.0
면목4동,77119.0,102271.0,51966.0,69811.0,93269.0,46352.0,70847.0,82811.0,58883.0
면목5동,92499.0,117434.0,67564.0,105363.0,136738.0,73988.0,60428.0,84445.0,36411.0
면목본동,95041.0,122765.0,67317.0,86921.0,116177.0,57665.0,84440.0,118336.0,50543.0
면목7동,96054.0,124869.0,67240.0,103594.0,112341.0,94847.0,85500.0,108324.0,62676.0
면목3·8동,102791.0,102841.0,102741.0,78031.0,101331.0,54731.0,79004.0,100242.0,57765.0
상봉1동,83753.0,116170.0,51335.0,92004.0,125997.0,58011.0,86493.0,104799.0,68187.0
상봉2동,87221.0,106659.0,67784.0,92433.0,119993.0,64873.0,104621.0,142082.0,67160.0
중화1동,74934.0,91703.0,58164.0,63389.0,80602.0,46176.0,67096.0,76505.0,57687.0
중화2동,88913.0,123515.0,54310.0,89744.0,116573.0,62915.0,86702.0,117226.0,56179.0
묵1동,107659.0,137320.0,77997.0,107929.0,125217.0,90640.0,94605.0,102289.0,86921.0
묵2동,68565.0,88351.0,48779.0,90760.0,93037.0,88484.0,91362.0,88889.0,93834.0
망우본동,80149.0,96462.0,63836.0,84653.0,99898.0,69409.0,81912.0,98381.0,65444.0
망우3동,66444.0,92978.0,39911.0,63841.0,94490.0,33191.0,59785.0,90898.0,28671.0
신내1동,104376.0,117243.0,91508.0,88356.0,109830.0,66882.0,92683.0,118992.0,66375.0
신내2동,102036.0,142927.0,61144.0,95319.0,144238.0,46401.0,85338.0,130046.0,40631.0
성북구,102762.0,118859.0,86665.0,101887.0,122808.0,80965.0,99996.0,121200.0,78792.0
성북동,99026.0,107393.0,90658.0,111305.0,138270.0,84339.0,96928.0,127660.0,66197.0
삼선동,106558.0,125054.0,88061.0,97454.0,126134.0,68775.0,93260.0,131978.0,54542.0
동선동,113708.0,131876.0,95541.0,107565.0,142748.0,72382.0,123332.0,148466.0,98197.0
돈암1동,128049.0,128049.0,,134798.0,134798.0,,,,
돈암2동,,,,141219.0,,141219.0,113866.0,,113866.0
안암동,123520.0,159075.0,87966.0,120892.0,157211.0,84573.0,110865.0,143134.0,78596.0
보문동,99525.0,111324.0,87726.0,90225.0,116386.0,64064.0,91134.0,123769.0,58498.0
정릉1동,111151.0,139700.0,82602.0,100930.0,132860.0,69000.0,91286.0,107236.0,75337.0
정릉2동,107450.0,124468.0,90431.0,99432.0,120089.0,78774.0,110284.0,111081.0,109487.0
정릉3동,91189.0,91189.0,,66624.0,95300.0,37947.0,80292.0,80292.0,
정릉4동,87493.0,133551.0,41436.0,102011.0,147239.0,56783.0,83062.0,116846.0,49279.0
길음1동,158724.0,155582.0,161866.0,158453.0,151967.0,164940.0,146490.0,149284.0,143697.0
길음2동,99873.0,100962.0,98784.0,137994.0,152183.0,123806.0,161273.0,201764.0,120782.0
종암동,96110.0,101636.0,90584.0,95261.0,102096.0,88426.0,76584.0,104793.0,48376.0
월곡1동,104985.0,121134.0,88837.0,94461.0,116480.0,72442.0,97314.0,124724.0,69905.0
월곡2동,102241.0,130447.0,74035.0,95284.0,128624.0,61944.0,80412.0,105528.0,55296.0
장위1동,71710.0,69506.0,73913.0,77833.0,67312.0,88354.0,71754.0,57382.0,86125.0
장위2동,77715.0,82463.0,72968.0,88883.0,110466.0,67299.0,107702.0,129361.0,86044.0
장위3동,98569.0,130696.0,66442.0,87034.0,118475.0,55592.0,89791.0,129168.0,50414.0
석관동,75510.0,107928.0,43091.0,65172.0,89221.0,41123.0,72203.0,99621.0,44785.0
강북구,90159.0,111875.0,68443.0,83872.0,104240.0,63504.0,84816.0,101756.0,67876.0
삼양동,102575.0,127132.0,78018.0,100053.0,120250.0,79855.0,90913.0,99580.0,82246.0
미아동,98973.0,114499.0,83448.0,81822.0,102191.0,61454.0,102930.0,122070.0,83790.0
송중동,102186.0,135682.0,68691.0,101906.0,133971.0,69842.0,108511.0,136793.0,80230.0
송천동,79203.0,101666.0,56741.0,73874.0,93376.0,54372.0,70876.0,92534.0,49218.0
삼각산동,146156.0,146255.0,146058.0,130121.0,115322.0,144921.0,115333.0,90482.0,140184.0
번1동,89386.0,113443.0,65329.0,85303.0,105852.0,64755.0,73495.0,82323.0,64666.0
번2동,68379.0,100615.0,36143.0,50009.0,61079.0,38939.0,55644.0,68883.0,42404.0
번3동,95233.0,152584.0,37882.0,91766.0,140925.0,42608.0,84733.0,107620.0,61845.0
수유1동,68514.0,94394.0,42634.0,73294.0,96016.0,50571.0,84823.0,93472.0,76174.0
수유2동,88446.0,107311.0,69582.0,54191.0,74801.0,33581.0,56911.0,80904.0,32918.0
수유3동,96241.0,122733.0,69749.0,91227.0,117010.0,65445.0,92962.0,119656.0,66268.0
우이동,69436.0,94902.0,43971.0,68963.0,95905.0,42021.0,64322.0,90181.0,38464.0
인수동,61785.0,76790.0,46780.0,63303.0,83950.0,42656.0,60437.0,78648.0,42226.0
도봉구,91737.0,114538.0,68936.0,102594.0,125520.0,79669.0,124755.0,146034.0,103477.0
창1동,107603.0,97460.0,117746.0,110861.0,93776.0,127946.0,96659.0,112290.0,81028.0
창2동,76331.0,98245.0,54416.0,100846.0,97784.0,103908.0,155292.0,156461.0,154124.0
창3동,70389.0,75751.0,65027.0,74367.0,87621.0,61113.0,91253.0,123449.0,59058.0
창4동,142108.0,201165.0,83052.0,146251.0,224296.0,68206.0,184477.0,268395.0,100560.0
창5동,121173.0,168273.0,74073.0,132138.0,168232.0,96044.0,177538.0,228878.0,126199.0
도봉1동,91900.0,95172.0,88627.0,64975.0,85541.0,44410.0,95156.0,115258.0,75054.0
도봉2동,78265.0,103207.0,53323.0,99061.0,128560.0,69561.0,105635.0,122548.0,88723.0
쌍문1동,71847.0,77928.0,65767.0,88401.0,97986.0,78817.0,118850.0,117534.0,120165.0
쌍문2동,86057.0,137038.0,35076.0,93141.0,145192.0,41090.0,121027.0,157938.0,84115.0
쌍문3동,107808.0,147239.0,68376.0,133035.0,193213.0,72858.0,126606.0,140229.0,112983.0
쌍문4동,93451.0,125463.0,61439.0,99578.0,114392.0,84765.0,115568.0,117379.0,113758.0
방학1동,96201.0,129297.0,63105.0,123379.0,157609.0,89149.0,147197.0,166835.0,127559.0
방학2동,75837.0,89014.0,62660.0,84746.0,95742.0,73750.0,86530.0,109445.0,63614.0
방학3동,74211.0,84223.0,64199.0,87355.0,90580.0,84130.0,101421.0,115860.0,86982.0
노원구,121581.0,141373.0,101788.0,123834.0,142046.0,105622.0,116570.0,139243.0,93897.0
월계1동,84583.0,104380.0,64787.0,141701.0,139603.0,143800.0,132328.0,153597.0,111059.0
월계2동,135292.0,129650.0,140934.0,128668.0,124773.0,132563.0,127870.0,125487.0,130253.0
월계3동,78011.0,,78011.0,63948.0,,63948.0,87537.0,111334.0,63739.0
공릉1동,97539.0,115750.0,79327.0,92123.0,110768.0,73478.0,91822.0,111263.0,72380.0
공릉2동,124654.0,138712.0,110596.0,116871.0,146238.0,87504.0,110745.0,129641.0,91848.0
하계1동,88234.0,103440.0,73028.0,88553.0,120284.0,56822.0,91344.0,119141.0,63547.0
하계2동,158592.0,234426.0,82759.0,171263.0,241719.0,100806.0,105405.0,,105405.0
중계본동,115173.0,162211.0,68134.0,103273.0,132119.0,74428.0,84726.0,103769.0,65683.0
중계1동,139104.0,167121.0,111087.0,129021.0,173803.0,84238.0,139854.0,191151.0,88556.0
중계4동,98350.0,147410.0,49291.0,100865.0,150424.0,51306.0,104557.0,141146.0,67969.0
중계2·3동,180251.0,196462.0,164041.0,158015.0,153567.0,162462.0,144672.0,143391.0,145953.0
상계1동,99946.0,144872.0,55021.0,87625.0,119087.0,56162.0,87217.0,113071.0,61363.0
상계2동,132985.0,152620.0,113351.0,150893.0,175881.0,125904.0,155245.0,181849.0,128642.0
상계3·4동,179794.0,110448.0,249140.0,179648.0,98494.0,260801.0,168847.0,99959.0,237734.0
상계5동,87926.0,88941.0,86911.0,89554.0,86002.0,93106.0,73359.0,95967.0,50752.0
상계6·7동,174604.0,190926.0,158281.0,164330.0,181522.0,147139.0,146166.0,190576.0,101755.0
상계8동,63768.0,,63768.0,158060.0,249198.0,66921.0,178601.0,270668.0,86534.0
상계9동,99629.0,117930.0,81328.0,91444.0,109341.0,73547.0,90024.0,114861.0,65187.0
상계10동,63389.0,,63389.0,252988.0,252988.0,,74110.0,,74110.0
은평구,101765.0,116777.0,86752.0,99050.0,113705.0,84394.0,93629.0,110072.0,77186.0
녹번동,100953.0,121431.0,80474.0,96638.0,115558.0,77719.0,99881.0,103313.0,96449.0
불광1동,90780.0,124370.0,57191.0,85945.0,109290.0,62599.0,84400.0,108122.0,60677.0
불광2동,84195.0,97711.0,70679.0,82396.0,98403.0,66389.0,82155.0,89502.0,74807.0
갈현1동,94059.0,137228.0,50889.0,88708.0,123215.0,54201.0,90532.0,128086.0,52978.0
갈현2동,115101.0,106287.0,123915.0,104230.0,104803.0,103656.0,80844.0,100912.0,60776.0
구산동,129327.0,122878.0,135776.0,115114.0,99579.0,130648.0,96320.0,100544.0,92097.0
대조동,96507.0,122120.0,70895.0,107032.0,136871.0,77192.0,106089.0,122475.0,89702.0
응암1동,109093.0,127230.0,90956.0,99759.0,121208.0,78311.0,97912.0,123748.0,72076.0
응암2동,106105.0,98580.0,113631.0,99976.0,106715.0,93237.0,97302.0,103093.0,91512.0
응암3동,91362.0,110744.0,71981.0,94319.0,113357.0,75281.0,83526.0,114537.0,52516.0
역촌동,87164.0,108726.0,65602.0,86234.0,103539.0,68929.0,87740.0,93979.0,81501.0
신사1동,90815.0,102235.0,79395.0,94485.0,107835.0,81134.0,90158.0,95564.0,84752.0
신사2동,90736.0,96797.0,84676.0,96657.0,108214.0,85099.0,82284.0,119514.0,45053.0
증산동,87268.0,84486.0,90050.0,80435.0,66403.0,94467.0,63472.0,69177.0,57768.0
수색동,89896.0,89555.0,90238.0,93688.0,105587.0,81789.0,85662.0,105287.0,66036.0
진관동,131785.0,140423.0,123147.0,131709.0,140834.0,122584.0,119319.0,144184.0,94453.0
서대문구,119913.0,129742.0,110084.0,125736.0,135200.0,116271.0,127009.0,141344.0,112674.0
천연동,108659.0,143408.0,73911.0,126679.0,186416.0,66942.0,126574.0,189736.0,63412.0
북아현동,99374.0,125650.0,73099.0,92080.0,115189.0,68972.0,87312.0,124652.0,49971.0
충현동,127318.0,153832.0,100803.0,128797.0,144404.0,113189.0,125841.0,132841.0,118840.0
신촌동,156748.0,144443.0,169054.0,165289.0,157560.0,173018.0,166628.0,198757.0,134499.0
연희동,113064.0,137829.0,88299.0,119783.0,137420.0,102147.0,123333.0,125524.0,121142.0
홍제1동,94331.0,104400.0,84262.0,87658.0,101052.0,74265.0,72650.0,90816.0,54485.0
홍제3동,93344.0,128018.0,58669.0,100751.0,129398.0,72104.0,98540.0,139594.0,57486.0
홍제2동,148777.0,170007.0,127546.0,121510.0,114536.0,128484.0,89278.0,114536.0,64020.0
홍은1동,103107.0,99401.0,106812.0,105857.0,103390.0,108323.0,107774.0,107793.0,107755.0
홍은2동,89072.0,113357.0,64787.0,90205.0,122937.0,57472.0,94805.0,113000.0,76609.0
남가좌1동,127748.0,176093.0,79403.0,123986.0,183901.0,64071.0,170407.0,182615.0,158198.0
남가좌2동,88568.0,108006.0,69130.0,121769.0,124850.0,118688.0,133125.0,119689.0,146562.0
북가좌1동,196728.0,147583.0,245874.0,148338.0,154971.0,141706.0,173138.0,138773.0,207504.0
북가좌2동,91703.0,110165.0,73241.0,87215.0,113951.0,60480.0,83799.0,111412.0,56186.0
마포구,163022.0,188057.0,137988.0,167493.0,189359.0,145627.0,141777.0,163088.0,120465.0
아현동,165957.0,211388.0,120525.0,163786.0,201565.0,126008.0,142847.0,170285.0,115408.0
공덕동,116441.0,126712.0,106170.0,137962.0,144168.0,131756.0,101760.0,103533.0,99988.0
도화동,129721.0,162772.0,96670.0,129164.0,151441.0,106887.0,123912.0,168769.0,79055.0
용강동,150036.0,186100.0,113973.0,163977.0,206086.0,121868.0,165542.0,202438.0,128647.0
대흥동,162222.0,182624.0,141821.0,167553.0,196887.0,138220.0,128478.0,163294.0,93662.0
염리동,182486.0,202994.0,161978.0,195899.0,195899.0,,178628.0,178628.0,
신수동,134601.0,139437.0,129766.0,163170.0,161147.0,165192.0,144017.0,152286.0,135749.0
서강동,199794.0,234832.0,164756.0,190352.0,214717.0,165986.0,161160.0,176631.0,145689.0
서교동,181289.0,211684.0,150894.0,190553.0,220182.0,160924.0,170213.0,198869.0,141557.0
합정동,170941.0,194733.0,147149.0,179518.0,207122.0,151915.0,148370.0,174775.0,121964.0
망원1동,143817.0,170736.0,116899.0,148075.0,172755.0,123396.0,129381.0,164421.0,94341.0
망원2동,132228.0,166562.0,97895.0,137910.0,166882.0,108939.0,117876.0,144989.0,90763.0
연남동,172431.0,191219.0,153643.0,172207.0,189189.0,155226.0,131015.0,157695.0,104336.0
성산1동,134727.0,147330.0,122124.0,141763.0,156772.0,126755.0,108003.0,114496.0,101511.0
성산2동,173331.0,198056.0,148605.0,183415.0,196503.0,170327.0,121662.0,110678.0,132646.0
상암동,171711.0,196253.0,147168.0,134175.0,154413.0,113938.0,125406.0,162964.0,87847.0
양천구,108895.0,130912.0,86877.0,109483.0,132384.0,86582.0,119317.0,135836.0,102798.0
목1동,152909.0,212514.0,93303.0,142569.0,185154.0,99984.0,152556.0,196996.0,108115.0
목2동,127464.0,161428.0,93501.0,114852.0,131679.0,98025.0,110094.0,97958.0,122229.0
목3동,99774.0,99607.0,99941.0,91147.0,103221.0,79074.0,121643.0,114182.0,129104.0
목4동,100014.0,120914.0,79114.0,97843.0,120320.0,75366.0,121800.0,132228.0,111373.0
목5동,182760.0,256489.0,109030.0,166900.0,232819.0,100980.0,158790.0,201035.0,116546.0
신월1동,102701.0,85342.0,120061.0,107380.0,86258.0,128502.0,96336.0,101085.0,91587.0
신월2동,89261.0,125227.0,53295.0,99271.0,142197.0,56346.0,131800.0,161502.0,102099.0
신월3동,74558.0,102219.0,46897.0,88467.0,112143.0,64791.0,148040.0,122678.0,173402.0
신월4동,78892.0,91617.0,66168.0,97777.0,123614.0,71941.0,127371.0,144369.0,110374.0
신월5동,83687.0,77792.0,89581.0,74969.0,76650.0,73287.0,74011.0,104758.0,43263.0
신월6동,116132.0,119424.0,112839.0,132659.0,132659.0,,110743.0,125115.0,96371.0
신월7동,78537.0,93332.0,63743.0,77411.0,89235.0,65586.0,109204.0,105708.0,112700.0
신정1동,95922.0,129084.0,62760.0,107387.0,146566.0,68207.0,114735.0,149267.0,80203.0
신정2동,93583.0,126406.0,60760.0,84983.0,121563.0,48402.0,89142.0,119682.0,58603.0
신정3동,115200.0,167322.0,63078.0,119701.0,174331.0,65072.0,107392.0,154454.0,60329.0
신정4동,112407.0,129724.0,95090.0,123772.0,125154.0,122390.0,128719.0,125913.0,131525.0
신정6동,134661.0,189796.0,79526.0,84144.0,,84144.0,133212.0,180920.0,85505.0
신정7동,100907.0,110092.0,91721.0,131718.0,214281.0,49154.0,114171.0,186624.0,41718.0
강서구,122702.0,149354.0,96049.0,130369.0,158109.0,102630.0,133012.0,156572.0,109451.0
염창동,99177.0,125705.0,72649.0,103508.0,127651.0,79365.0,107314.0,131277.0,83351.0
등촌1동,121658.0,158307.0,85010.0,124975.0,175962.0,73987.0,108914.0,150221.0,67608.0
등촌2동,107134.0,147822.0,66446.0,129526.0,174396.0,84655.0,141378.0,175919.0,106837.0
등촌3동,134498.0,166042.0,102954.0,133912.0,146764.0,121059.0,133232.0,155553.0,110912.0
화곡1동,85956.0,91470.0,80442.0,95861.0,93766.0,97956.0,96659.0,98596.0,94722.0
화곡2동,98103.0,141446.0,54761.0,107530.0,160411.0,54649.0,149536.0,173573.0,125499.0
화곡3동,110145.0,127058.0,93233.0,140940.0,114734.0,167147.0,118521.0,109741.0,127301.0
화곡4동,96888.0,134712.0,59065.0,95474.0,129130.0,61817.0,96037.0,136471.0,55603.0
화곡본동,102773.0,118068.0,87478.0,110049.0,124773.0,95324.0,117646.0,131677.0,103614.0
화곡6동,130230.0,143548.0,116912.0,144691.0,172549.0,116834.0,145878.0,152126.0,139631.0
화곡8동,111357.0,118284.0,104430.0,131627.0,146081.0,117173.0,99191.0,128620.0,69761.0
가양1동,177694.0,241853.0,113534.0,187046.0,253424.0,120667.0,192803.0,255945.0,129660.0
가양2동,64788.0,,64788.0,,,,,,
가양3동,160666.0,245238.0,76094.0,69446.0,,69446.0,79032.0,,79032.0
발산1동,126364.0,155151.0,97577.0,127329.0,156767.0,97891.0,136288.0,157748.0,114828.0
우장산동,135366.0,141707.0,129024.0,124290.0,136574.0,112006.0,119358.0,138511.0,100205.0
공항동,98288.0,115437.0,81140.0,104020.0,126973.0,81067.0,107263.0,134420.0,80106.0
방화1동,108162.0,152910.0,63414.0,117915.0,153552.0,82279.0,116468.0,152945.0,79991.0
방화2동,84456.0,98012.0,70901.0,97374.0,108863.0,85885.0,113660.0,102502.0,124818.0
방화3동,143687.0,241515.0,45860.0,176799.0,304852.0,48747.0,147255.0,227101.0,67409.0
구로구,138304.0,159286.0,117322.0,135428.0,154434.0,116422.0,129738.0,138274.0,121202.0
신도림동,156946.0,199091.0,114801.0,159821.0,204681.0,114961.0,150157.0,186711.0,113603.0
구로1동,106191.0,130035.0,82348.0,113772.0,157605.0,69940.0,69558.0,,69558.0
구로2동,125049.0,144790.0,105309.0,123620.0,125658.0,121581.0,120736.0,125433.0,116040.0
구로3동,208882.0,254029.0,163736.0,190076.0,234226.0,145926.0,160496.0,172546.0,148446.0
구로4동,109015.0,138245.0,79784.0,122336.0,141671.0,103001.0,133306.0,140471.0,126140.0
구로5동,128718.0,155850.0,101586.0,135322.0,169355.0,101289.0,121476.0,147342.0,95609.0
가리봉동,132281.0,141444.0,123118.0,146408.0,146102.0,146715.0,117465.0,122723.0,112208.0
고척1동,127029.0,187142.0,66915.0,119678.0,170519.0,68837.0,112686.0,147709.0,77663.0
고척2동,99312.0,127763.0,70861.0,95423.0,118730.0,72117.0,95201.0,95343.0,95059.0
개봉1동,100698.0,103722.0,97674.0,98507.0,93931.0,103083.0,103457.0,95244.0,111671.0
개봉2동,164228.0,138581.0,189875.0,169669.0,172260.0,167079.0,184934.0,174351.0,195517.0
개봉3동,104400.0,140550.0,68250.0,91362.0,134795.0,47928.0,150259.0,132061.0,168457.0
오류1동,134807.0,170402.0,99211.0,132769.0,163653.0,101885.0,121660.0,93081.0,150238.0
오류2동,136914.0,163053.0,110774.0,141586.0,177334.0,105838.0,132143.0,154502.0,109784.0
수궁동,89885.0,110702.0,69067.0,80810.0,97625.0,63996.0,101930.0,106365.0,97496.0
항동,,,,177474.0,228470.0,126479.0,168173.0,212545.0,123802.0
금천구,96098.0,115843.0,76354.0,99390.0,116398.0,82381.0,105422.0,124577.0,86268.0
가산동,113597.0,142572.0,84623.0,121402.0,151903.0,90902.0,126809.0,156971.0,96646.0
독산1동,86823.0,101106.0,72540.0,88209.0,92565.0,83853.0,100481.0,109722.0,91239.0
독산2동,63699.0,69104.0,58294.0,66880.0,72255.0,61504.0,76625.0,83172.0,70078.0
독산3동,84889.0,113213.0,56565.0,88449.0,103025.0,73873.0,86653.0,100062.0,73245.0
독산4동,62725.0,82420.0,43030.0,65107.0,78547.0,51667.0,88195.0,119133.0,57258.0
시흥1동,105098.0,140288.0,69908.0,109021.0,141221.0,76820.0,116481.0,151387.0,81575.0
시흥2동,105525.0,123945.0,87104.0,66203.0,,66203.0,54286.0,,54286.0
시흥3동,81694.0,115295.0,48093.0,81203.0,115397.0,47008.0,82590.0,118545.0,46635.0
시흥4동,86389.0,86389.0,,102829.0,102829.0,,116815.0,116815.0,
시흥5동,77376.0,104034.0,50718.0,93882.0,107801.0,79963.0,84168.0,91030.0,77305.0
영등포구,115800.0,129919.0,101680.0,117567.0,131344.0,103790.0,122432.0,137411.0,107453.0
영등포본동,108832.0,128709.0,88955.0,109684.0,139094.0,80274.0,106143.0,128671.0,83614.0
영등포동,123248.0,130130.0,116366.0,119575.0,123098.0,116052.0,118253.0,126169.0,110337.0
여의동,178520.0,242828.0,114213.0,182586.0,243490.0,121682.0,182365.0,242636.0,122094.0
당산1동,100299.0,123498.0,77101.0,93734.0,108239.0,79229.0,114736.0,136424.0,93048.0
당산2동,127061.0,139398.0,114725.0,114584.0,126572.0,102596.0,133628.0,148631.0,118626.0
도림동,87417.0,104939.0,69894.0,91783.0,108525.0,75042.0,99397.0,128132.0,70663.0
문래동,107623.0,111620.0,103625.0,108261.0,102941.0,113580.0,105385.0,103986.0,106784.0
양평1동,100122.0,113609.0,86636.0,129588.0,177936.0,81241.0,132505.0,179975.0,85036.0
양평2동,116867.0,131195.0,102539.0,117896.0,132293.0,103499.0,114875.0,114686.0,115065.0
신길1동,77528.0,101172.0,53884.0,79815.0,116157.0,43472.0,103344.0,140336.0,66352.0
신길3동,97915.0,110610.0,85220.0,97715.0,104633.0,90797.0,89362.0,89362.0,
신길4동,100862.0,77117.0,124607.0,104184.0,57895.0,150473.0,103716.0,77009.0,130423.0
신길5동,115505.0,115505.0,,93822.0,93822.0,,117308.0,117308.0,
신길6동,110171.0,122458.0,97883.0,106903.0,130469.0,83336.0,98660.0,119365.0,77956.0
신길7동,102411.0,116423.0,88399.0,103467.0,130668.0,76266.0,126064.0,133458.0,118671.0
대림1동,84597.0,105648.0,63545.0,83760.0,96637.0,70882.0,92398.0,105867.0,78930.0
대림2동,157509.0,179563.0,135455.0,142839.0,157694.0,127984.0,153101.0,159838.0,146364.0
대림3동,98628.0,125324.0,71933.0,119377.0,154542.0,84212.0,115255.0,143671.0,86840.0
동작구,131421.0,157151.0,105690.0,132719.0,157325.0,108114.0,131720.0,158092.0,105347.0
노량진1동,127740.0,127481.0,128000.0,144987.0,158830.0,131145.0,148975.0,172043.0,125907.0
노량진2동,196047.0,212604.0,179489.0,190061.0,205201.0,174922.0,188508.0,203533.0,173484.0
상도1동,138036.0,141212.0,134859.0,151021.0,141755.0,160287.0,150924.0,140005.0,161843.0
상도2동,113300.0,144115.0,82485.0,115038.0,154059.0,76018.0,126858.0,165497.0,88218.0
상도3동,131125.0,185271.0,76979.0,134669.0,184204.0,85133.0,127542.0,178377.0,76706.0
상도4동,87210.0,114733.0,59686.0,85417.0,109616.0,61219.0,90985.0,118152.0,63817.0
흑석동,119230.0,146105.0,92355.0,113468.0,144505.0,82430.0,117443.0,147722.0,87164.0
사당1동,160696.0,145319.0,176072.0,153889.0,132460.0,175318.0,141222.0,134327.0,148117.0
사당2동,156580.0,223972.0,89189.0,157381.0,221469.0,93293.0,159002.0,225561.0,92442.0
사당3동,160372.0,226454.0,94291.0,138025.0,166402.0,109648.0,146530.0,152559.0,140500.0
사당4동,113163.0,163426.0,62900.0,121959.0,175519.0,68398.0,125554.0,182536.0,68572.0
사당5동,112026.0,112026.0,,94627.0,95550.0,93704.0,97253.0,97955.0,96552.0
대방동,96300.0,118280.0,74321.0,98816.0,114964.0,82669.0,88632.0,103421.0,73842.0
신대방1동,105449.0,134234.0,76665.0,96215.0,131724.0,60707.0,97113.0,131399.0,62827.0
신대방2동,113134.0,153431.0,72836.0,115206.0,166231.0,64181.0,112377.0,158070.0,66684.0
관악구,107209.0,134101.0,80318.0,112783.0,136363.0,89203.0,114779.0,137826.0,91732.0
보라매동,88601.0,98247.0,78955.0,96445.0,94202.0,98687.0,103589.0,98061.0,109116.0
청림동,122845.0,113176.0,132515.0,137783.0,,137783.0,155868.0,155868.0,
성현동,97449.0,109498.0,85399.0,166289.0,104402.0,228176.0,142632.0,109439.0,175825.0
행운동,107434.0,114943.0,99925.0,122273.0,121392.0,123155.0,141268.0,122309.0,160226.0
낙성대동,124139.0,167954.0,80325.0,131579.0,196761.0,66397.0,130447.0,196415.0,64478.0
청룡동,129401.0,144379.0,114424.0,130593.0,141481.0,119705.0,111692.0,129055.0,94329.0
은천동,93072.0,118676.0,67468.0,101587.0,133838.0,69336.0,99297.0,137858.0,60736.0
중앙동,111746.0,156810.0,66683.0,113777.0,164566.0,62987.0,116414.0,166662.0,66166.0
인헌동,114321.0,152698.0,75943.0,116237.0,154531.0,77943.0,114126.0,160215.0,68036.0
남현동,164002.0,184775.0,143229.0,158551.0,144836.0,172266.0,135901.0,172268.0,99535.0
서원동,135957.0,180522.0,91392.0,129679.0,188093.0,71265.0,160673.0,219483.0,101862.0
신원동,87678.0,119440.0,55916.0,88964.0,119888.0,58041.0,93280.0,125142.0,61418.0
서림동,71045.0,97275.0,44814.0,80712.0,96296.0,65127.0,82142.0,99781.0,64504.0
신사동,95097.0,127591.0,62603.0,99085.0,129128.0,69043.0,100569.0,129803.0,71335.0
신림동,142653.0,184220.0,101085.0,134624.0,163114.0,106133.0,132746.0,159671.0,105820.0
난향동,37588.0,,37588.0,40762.0,,40762.0,39688.0,,39688.0
조원동,103614.0,139973.0,67255.0,105473.0,147362.0,63584.0,104450.0,157243.0,51658.0
대학동,87255.0,120683.0,53827.0,90746.0,123363.0,58128.0,94866.0,123396.0,66336.0
삼성동,72386.0,105396.0,39376.0,75953.0,111315.0,40591.0,78386.0,110685.0,46086.0
미성동,103830.0,118690.0,88971.0,101140.0,125658.0,76622.0,87811.0,94240.0,81382.0
난곡동,110878.0,135296.0,86461.0,158648.0,134712.0,182584.0,166388.0,130448.0,202328.0
서초구,138922.0,158932.0,118913.0,142051.0,162338.0,121765.0,139196.0,164270.0,114121.0
서초1동,136224.0,149977.0,122471.0,141289.0,163993.0,118585.0,149620.0,166243.0,132997.0
서초2동,216989.0,277134.0,156844.0,224294.0,286103.0,162484.0,233320.0,307884.0,158757.0
서초3동,125431.0,144950.0,105913.0,133297.0,158908.0,107686.0,127258.0,156111.0,98405.0
서초4동,170607.0,208466.0,132748.0,161138.0,207905.0,114371.0,188483.0,250704.0,126263.0
잠원동,121042.0,122331.0,119753.0,117211.0,119994.0,114429.0,123495.0,132627.0,114363.0
반포본동,238345.0,,238345.0,167809.0,126976.0,208643.0,114601.0,114601.0,
반포1동,122628.0,142567.0,102688.0,149065.0,176457.0,121673.0,162634.0,196016.0,129251.0
반포2동,271246.0,341287.0,201204.0,,,,,,
반포3동,130494.0,169659.0,91330.0,139919.0,,139919.0,159850.0,,159850.0
반포4동,186888.0,208568.0,165208.0,195065.0,229622.0,160509.0,145796.0,166106.0,125487.0
방배본동,99659.0,144026.0,55292.0,102606.0,145349.0,59863.0,108791.0,143527.0,74055.0
방배1동,123989.0,145513.0,102465.0,109902.0,127938.0,91865.0,111252.0,128021.0,94484.0
방배2동,125127.0,139954.0,110301.0,138670.0,145789.0,131551.0,127837.0,141748.0,113926.0
방배3동,116924.0,105221.0,128626.0,111952.0,98341.0,125562.0,111079.0,129162.0,92997.0
방배4동,103288.0,130799.0,75776.0,97638.0,120115.0,75161.0,100428.0,131550.0,69306.0
양재1동,109643.0,137218.0,82068.0,113881.0,138807.0,88954.0,109632.0,130121.0,89143.0
양재2동,100272.0,102080.0,98464.0,113608.0,119263.0,107953.0,111346.0,137542.0,85150.0
내곡동,222583.0,157210.0,287957.0,187009.0,118959.0,255060.0,80231.0,52458.0,108004.0
강남구,174260.0,197289.0,151231.0,174024.0,192435.0,155613.0,173069.0,185405.0,160734.0
신사동,178809.0,236633.0,120985.0,177010.0,204484.0,149535.0,182060.0,214497.0,149623.0
논현1동,175994.0,206387.0,145601.0,174228.0,219004.0,129453.0,159312.0,206568.0,112056.0
논현2동,142248.0,166981.0,117515.0,161685.0,186179.0,137191.0,145078.0,168654.0,121501.0
압구정동,189699.0,213055.0,166342.0,185519.0,218287.0,152752.0,198719.0,248747.0,148691.0
청담동,177230.0,205333.0,149126.0,171914.0,184430.0,159398.0,175392.0,167342.0,183443.0
삼성1동,243736.0,208086.0,279386.0,221293.0,146181.0,296405.0,219767.0,124763.0,314772.0
삼성2동,190623.0,203598.0,177648.0,173437.0,185418.0,161457.0,178562.0,165487.0,191637.0
대치1동,238060.0,287165.0,188954.0,255221.0,291267.0,219176.0,241294.0,305359.0,177229.0
대치2동,185156.0,229570.0,140742.0,200171.0,258565.0,141778.0,173292.0,198809.0,147774.0
대치4동,180681.0,240750.0,120612.0,168903.0,212791.0,125014.0,162896.0,207705.0,118087.0
역삼1동,168120.0,182473.0,153766.0,167232.0,179321.0,155143.0,174346.0,177129.0,171563.0
역삼2동,177199.0,218806.0,135591.0,173621.0,197435.0,149808.0,171316.0,176840.0,165793.0
도곡1동,196452.0,200433.0,192471.0,174770.0,172589.0,176951.0,162285.0,176079.0,148492.0
도곡2동,144406.0,142895.0,145916.0,146234.0,162043.0,130425.0,167638.0,174258.0,161017.0
개포1동,,,,,,,,,
개포2동,196997.0,192624.0,201370.0,158892.0,168969.0,148816.0,159730.0,176496.0,142964.0
개포4동,94782.0,101001.0,88564.0,93682.0,95471.0,91894.0,87995.0,90350.0,85640.0
세곡동,156336.0,174197.0,138476.0,168776.0,191378.0,146175.0,141630.0,162746.0,120514.0
일원본동,174265.0,231125.0,117404.0,183414.0,,183414.0,,,
일원1동,93956.0,107341.0,80571.0,98480.0,100933.0,96027.0,128100.0,130493.0,125707.0
일원2동,255639.0,359942.0,151336.0,191506.0,,191506.0,217933.0,,217933.0
수서동,163218.0,184237.0,142199.0,104973.0,,104973.0,93337.0,,93337.0
송파구,172451.0,195557.0,149345.0,170118.0,192159.0,148077.0,146868.0,172457.0,121279.0
풍납1동,154587.0,250608.0,58565.0,90702.0,114916.0,66489.0,117901.0,117901.0,
풍납2동,92966.0,121647.0,64284.0,96054.0,126251.0,65856.0,79001.0,94435.0,63568.0
거여1동,170787.0,239124.0,102451.0,162653.0,230860.0,94447.0,155189.0,220415.0,89963.0
거여2동,168938.0,246725.0,91152.0,203060.0,311359.0,94761.0,207207.0,347569.0,66846.0
마천1동,56017.0,72434.0,39599.0,64731.0,72610.0,56852.0,65053.0,78847.0,51260.0
마천2동,143431.0,123383.0,163478.0,162157.0,134766.0,189549.0,135208.0,135208.0,
방이1동,158487.0,134518.0,182456.0,172516.0,119819.0,225212.0,123117.0,94004.0,152229.0
방이2동,194105.0,228906.0,159303.0,188894.0,218854.0,158934.0,164920.0,191965.0,137874.0
오륜동,252163.0,252163.0,,277291.0,277291.0,,317278.0,317278.0,
오금동,139790.0,170766.0,108814.0,140229.0,169639.0,110820.0,124327.0,151100.0,97554.0
송파1동,203039.0,212287.0,193791.0,191240.0,193093.0,189386.0,159775.0,165396.0,154155.0
송파2동,161456.0,193516.0,129396.0,162481.0,176754.0,148209.0,125974.0,162868.0,89080.0
석촌동,210293.0,236623.0,183963.0,179454.0,194899.0,164010.0,143817.0,170231.0,117403.0
삼전동,153705.0,173792.0,133618.0,158580.0,164503.0,152657.0,149205.0,169529.0,128880.0
가락본동,146546.0,159533.0,133559.0,150114.0,174944.0,125284.0,138147.0,157068.0,119227.0
가락1동,154367.0,111380.0,197355.0,165395.0,121592.0,209198.0,123187.0,82274.0,164101.0
가락2동,185015.0,215004.0,155026.0,164305.0,200440.0,128170.0,129203.0,172418.0,85988.0
문정1동,148778.0,175207.0,122349.0,163437.0,179492.0,147382.0,120561.0,151594.0,89529.0
문정2동,169556.0,212365.0,126748.0,165305.0,211218.0,119392.0,167400.0,221302.0,113498.0
장지동,195629.0,192459.0,198799.0,203356.0,195574.0,211137.0,149079.0,157257.0,140901.0
위례동,211689.0,269677.0,153700.0,197451.0,258411.0,136491.0,144513.0,192786.0,96240.0
잠실본동,187448.0,223735.0,151161.0,185256.0,234085.0,136428.0,163085.0,216123.0,110046.0
잠실2동,371154.0,479959.0,262349.0,403375.0,489544.0,317206.0,411464.0,509170.0,313759.0
잠실3동,241835.0,277875.0,205796.0,253240.0,256842.0,249637.0,151488.0,105223.0,197754.0
잠실4동,,,,191431.0,,191431.0,,,
잠실6동,164717.0,203017.0,126418.0,174066.0,207118.0,141013.0,189325.0,225867.0,152783.0
잠실7동,,,,,,,,,
강동구,112843.0,135893.0,89794.0,116737.0,138038.0,95437.0,118777.0,138627.0,98927.0
강일동,128245.0,164957.0,91532.0,132287.0,165634.0,98940.0,143533.0,177619.0,109447.0
상일동,152353.0,198067.0,106640.0,130204.0,193998.0,66410.0,135921.0,165837.0,106004.0
명일1동,101639.0,134280.0,68999.0,108264.0,137111.0,79418.0,120287.0,155023.0,85552.0
명일2동,123342.0,183046.0,63639.0,125379.0,191437.0,59320.0,138835.0,207504.0,70166.0
고덕1동,132880.0,203843.0,61917.0,159508.0,235856.0,83159.0,146285.0,214480.0,78089.0
고덕2동,227510.0,277150.0,177871.0,209538.0,270410.0,148667.0,159563.0,153722.0,165405.0
암사1동,103992.0,128982.0,79001.0,104905.0,130297.0,79514.0,106393.0,129480.0,83306.0
암사2동,99341.0,132260.0,66422.0,102660.0,126679.0,78641.0,102027.0,130170.0,73883.0
암사3동,175091.0,145890.0,204292.0,179898.0,134056.0,225740.0,219765.0,182239.0,257291.0
천호1동,88169.0,104311.0,72028.0,107993.0,114331.0,101655.0,118404.0,115894.0,120914.0
천호2동,105765.0,109987.0,101543.0,93639.0,100954.0,86325.0,94185.0,109864.0,78505.0
천호3동,100316.0,112332.0,88300.0,100219.0,117124.0,83314.0,122243.0,136484.0,108003.0
성내1동,77929.0,98768.0,57091.0,85521.0,100369.0,70673.0,82576.0,96367.0,68786.0
성내2동,114766.0,113247.0,116286.0,103619.0,109963.0,97274.0,106286.0,116279.0,96293.0
성내3동,112321.0,143274.0,81368.0,118454.0,142528.0,94379.0,121385.0,166768.0,76003.0
길동,99150.0,117589.0,80711.0,103967.0,123728.0,84206.0,107505.0,123346.0,91665.0
둔촌1동,,,,,,,,,
둔촌2동,90603.0,106471.0,74736.0,108795.0,113948.0,103641.0,82903.0,107628.0,58177.0
