행정구역,2023_3Q_전체,2023_3Q_1층,2023_3Q_1층외,2023_4Q_전체,2023_4Q_1층,2023_4Q_1층외,2024_1Q_전체,2024_1Q_1층,2024_1Q_1층외
서울시 전체,138835.0,153703.0,123967.0,137570.0,152707.0,122434.0,136609.0,151022.0,122196.0
종로구,200889.0,236297.0,165481.0,201913.0,237218.0,166608.0,202740.0,236942.0,168539.0
청운효자동,129902.0,183894.0,75911.0,124821.0,176449.0,73193.0,154532.0,192600.0,116464.0
사직동,151294.0,196249.0,106339.0,153263.0,197574.0,108951.0,179307.0,219383.0,139232.0
삼청동,165382.0,165382.0,,171215.0,171215.0,,162297.0,162297.0,
부암동,113768.0,113768.0,,120284.0,120284.0,,126320.0,126320.0,
평창동,137094.0,144412.0,129776.0,121357.0,134264.0,108450.0,119281.0,120897.0,117665.0
무악동,,,,,,,,,
교남동,,,,,,,163590.0,163590.0,
가회동,156995.0,203272.0,110717.0,183172.0,243372.0,122973.0,160997.0,213749.0,108245.0
종로1·2·3·4가동,200890.0,281186.0,120594.0,202131.0,278121.0,126141.0,202376.0,275990.0,128763.0
종로5·6가동,293318.0,289720.0,296916.0,297493.0,295874.0,299112.0,296837.0,283103.0,310570.0
이화동,148132.0,203378.0,92887.0,147832.0,199466.0,96199.0,157791.0,206261.0,109321.0
혜화동,121059.0,149740.0,92378.0,119510.0,149060.0,89960.0,127014.0,160981.0,93047.0
창신1동,199763.0,241473.0,158052.0,201752.0,250732.0,152773.0,197138.0,279995.0,114282.0
창신2동,112995.0,166912.0,59078.0,120410.0,173746.0,67073.0,82212.0,102406.0,62018.0
창신3동,,,,,,,,,
숭인1동,108864.0,132531.0,85197.0,106034.0,131166.0,80902.0,108531.0,141196.0,75865.0
숭인2동,143780.0,180860.0,106699.0,143416.0,180462.0,106370.0,143763.0,208571.0,78955.0
중구,277839.0,286479.0,269198.0,276336.0,290303.0,262369.0,271713.0,284099.0,259327.0
소공동,239534.0,271072.0,207997.0,242633.0,274513.0,210753.0,196375.0,201207.0,191543.0
회현동,323384.0,382475.0,264293.0,329831.0,391372.0,268290.0,338013.0,406081.0,269944.0
명동,282864.0,365478.0,200250.0,271483.0,351642.0,191324.0,277531.0,366195.0,188867.0
필동,162204.0,138892.0,185516.0,167874.0,156715.0,179032.0,176244.0,182886.0,169603.0
장충동,147805.0,176659.0,118951.0,198080.0,182386.0,213773.0,210412.0,172018.0,248806.0
광희동,229385.0,238794.0,219976.0,245939.0,268359.0,223519.0,234504.0,244378.0,224629.0
을지로동,221983.0,299221.0,144745.0,207043.0,278323.0,135763.0,205300.0,279190.0,131409.0
신당동,389911.0,332611.0,447210.0,385919.0,339903.0,431934.0,382723.0,339010.0,426436.0
다산동,196129.0,207753.0,184505.0,183667.0,194097.0,173238.0,179445.0,166576.0,192313.0
약수동,313128.0,297961.0,328296.0,294817.0,315340.0,274295.0,257803.0,276165.0,239440.0
청구동,165340.0,185162.0,145517.0,168833.0,171752.0,165914.0,170589.0,198023.0,143155.0
신당5동,197866.0,241473.0,154258.0,199274.0,243789.0,154759.0,211165.0,236383.0,185948.0
동화동,167994.0,144011.0,191978.0,188672.0,167413.0,209931.0,236871.0,205315.0,268427.0
황학동,162925.0,196996.0,128854.0,181122.0,200867.0,161378.0,208787.0,184276.0,233299.0
중림동,289977.0,394460.0,185493.0,267097.0,363833.0,170362.0,247128.0,321015.0,173242.0
용산구,140096.0,164646.0,115547.0,137168.0,158849.0,115487.0,129649.0,147956.0,111342.0
후암동,96788.0,125785.0,67791.0,94709.0,124580.0,64839.0,95596.0,106700.0,84492.0
용산2가동,100221.0,116110.0,84331.0,96066.0,109334.0,82798.0,96513.0,115063.0,77963.0
남영동,126215.0,136675.0,115756.0,149672.0,150524.0,148820.0,153249.0,151136.0,155363.0
청파동,102804.0,127191.0,78417.0,126321.0,130201.0,122442.0,120438.0,126336.0,114540.0
원효로1동,111402.0,117256.0,105547.0,110181.0,120893.0,99469.0,100064.0,122041.0,78088.0
원효로2동,76110.0,92383.0,59837.0,81824.0,90052.0,73596.0,82952.0,93473.0,72431.0
효창동,150305.0,158882.0,141729.0,160869.0,153829.0,167909.0,185776.0,141721.0,229831.0
용문동,105270.0,117519.0,93022.0,107012.0,123036.0,90989.0,116645.0,131335.0,101956.0
한강로동,138024.0,161711.0,114336.0,139632.0,161761.0,117502.0,139634.0,166337.0,112931.0
이촌1동,249455.0,328583.0,170327.0,247551.0,315909.0,179193.0,241082.0,310242.0,171921.0
이촌2동,102847.0,87768.0,117927.0,102262.0,86410.0,118115.0,119059.0,106449.0,131668.0
이태원1동,180686.0,212792.0,148580.0,177016.0,216180.0,137851.0,171020.0,203205.0,138836.0
이태원2동,149803.0,191267.0,108338.0,143626.0,187808.0,99444.0,132092.0,169327.0,94857.0
한남동,133489.0,152708.0,114271.0,141613.0,162586.0,120640.0,141393.0,169292.0,113494.0
서빙고동,75113.0,85540.0,64685.0,77118.0,85777.0,68459.0,78318.0,80201.0,76434.0
보광동,95911.0,119076.0,72745.0,93230.0,114297.0,72162.0,85536.0,110384.0,60688.0
성동구,195176.0,206851.0,183501.0,183176.0,193899.0,172452.0,166215.0,173475.0,158955.0
왕십리2동,167918.0,156446.0,179391.0,153810.0,143504.0,164116.0,142977.0,137951.0,148004.0
왕십리도선동,198735.0,198089.0,199382.0,198602.0,199696.0,197508.0,184699.0,183679.0,185718.0
마장동,155919.0,175136.0,136703.0,146886.0,168247.0,125524.0,139269.0,159594.0,118943.0
사근동,284256.0,251492.0,317021.0,265502.0,240843.0,290161.0,193654.0,209579.0,177729.0
행당1동,211703.0,178877.0,244529.0,175756.0,139920.0,211592.0,147206.0,134499.0,159913.0
행당2동,181537.0,231167.0,131907.0,174233.0,222371.0,126095.0,181856.0,244717.0,118996.0
응봉동,263989.0,,263989.0,149194.0,111613.0,186775.0,131319.0,115638.0,147000.0
금호1가동,184490.0,184275.0,184704.0,179939.0,175537.0,184341.0,151253.0,129505.0,173001.0
금호2·3가동,179505.0,171679.0,187331.0,164627.0,162760.0,166494.0,141475.0,128341.0,154609.0
금호4가동,221042.0,247301.0,194783.0,185407.0,196790.0,174024.0,162331.0,161556.0,163107.0
옥수동,236472.0,288330.0,184614.0,222394.0,275739.0,169048.0,195697.0,236139.0,155254.0
성수1가1동,211916.0,250319.0,173513.0,184395.0,229515.0,139274.0,168044.0,198085.0,138004.0
성수1가2동,243256.0,270695.0,215817.0,233783.0,248789.0,218777.0,210704.0,218917.0,202491.0
성수2가1동,187660.0,188548.0,186773.0,163426.0,168200.0,158652.0,141089.0,146525.0,135654.0
성수2가3동,210446.0,245450.0,175442.0,200762.0,230625.0,170900.0,178275.0,195702.0,160848.0
송정동,182075.0,180832.0,183318.0,169745.0,161057.0,178433.0,142280.0,127614.0,156945.0
용답동,119463.0,146528.0,92397.0,117074.0,148145.0,86004.0,115146.0,150617.0,79676.0
광진구,103816.0,123147.0,84485.0,105832.0,124084.0,87579.0,106228.0,126060.0,86395.0
화양동,142067.0,159032.0,125103.0,142876.0,162972.0,122781.0,139521.0,163338.0,115703.0
군자동,124806.0,127231.0,122382.0,119022.0,123106.0,114938.0,115579.0,122826.0,108333.0
중곡1동,83763.0,96320.0,71207.0,96823.0,97162.0,96485.0,90693.0,98961.0,82425.0
중곡2동,79032.0,87866.0,70197.0,77020.0,88131.0,65909.0,76697.0,91700.0,61695.0
중곡3동,72151.0,94937.0,49364.0,76924.0,95536.0,58313.0,77673.0,97729.0,57616.0
중곡4동,106103.0,143580.0,68626.0,108630.0,143222.0,74039.0,116987.0,153889.0,80086.0
능동,118504.0,129943.0,107064.0,108761.0,119607.0,97916.0,107588.0,120762.0,94414.0
광장동,117841.0,162266.0,73417.0,125202.0,170939.0,79465.0,119580.0,157460.0,81699.0
자양1동,88869.0,117549.0,60190.0,87756.0,117582.0,57930.0,89180.0,118125.0,60235.0
자양2동,78574.0,92927.0,64221.0,78927.0,92830.0,65025.0,84091.0,101816.0,66365.0
자양3동,101601.0,122753.0,80449.0,103163.0,132974.0,73353.0,104026.0,129689.0,78363.0
자양4동,103881.0,139426.0,68335.0,103641.0,141375.0,65908.0,107872.0,142044.0,73699.0
구의1동,105023.0,128461.0,81585.0,110857.0,135485.0,86229.0,108794.0,134102.0,83486.0
구의2동,100941.0,132595.0,69286.0,104005.0,138423.0,69587.0,112567.0,143677.0,81457.0
구의3동,103183.0,119593.0,86773.0,110191.0,118063.0,102318.0,111453.0,121350.0,101555.0
동대문구,92442.0,121813.0,63070.0,91323.0,120764.0,61882.0,91071.0,117713.0,64429.0
용신동,94538.0,114647.0,74429.0,96612.0,123535.0,69689.0,93138.0,119433.0,66842.0
제기동,95590.0,132429.0,58752.0,96448.0,131380.0,61515.0,100442.0,139109.0,61775.0
전농1동,97080.0,128558.0,65603.0,92187.0,120735.0,63639.0,81164.0,105848.0,56479.0
전농2동,78442.0,120502.0,36382.0,79777.0,114250.0,45303.0,83606.0,104033.0,63179.0
답십리1동,104763.0,135938.0,73588.0,102817.0,133683.0,71951.0,113805.0,141034.0,86577.0
답십리2동,83130.0,111781.0,54479.0,78832.0,107920.0,49745.0,76060.0,103071.0,49050.0
장안1동,87661.0,110376.0,64946.0,87754.0,113970.0,61538.0,91261.0,109573.0,72948.0
장안2동,87975.0,113782.0,62168.0,85880.0,114767.0,56994.0,80217.0,103744.0,56690.0
청량리동,78226.0,108808.0,47644.0,78615.0,105521.0,51708.0,74279.0,92460.0,56098.0
회기동,98713.0,134320.0,63106.0,92106.0,116760.0,67453.0,91327.0,124183.0,58471.0
휘경1동,91506.0,133989.0,49023.0,90281.0,125008.0,55554.0,100406.0,138778.0,62033.0
휘경2동,75202.0,85264.0,65139.0,75411.0,83258.0,67563.0,87794.0,101186.0,74401.0
이문1동,87928.0,130270.0,45586.0,99150.0,142868.0,55433.0,94832.0,135371.0,54293.0
이문2동,158033.0,158033.0,,104243.0,147373.0,61113.0,96239.0,131952.0,60526.0
중랑구,87387.0,104812.0,69963.0,89367.0,107328.0,71406.0,89420.0,106311.0,72529.0
면목2동,63813.0,88762.0,38863.0,67436.0,94046.0,40826.0,70889.0,96736.0,45043.0
면목4동,66950.0,71686.0,62213.0,68039.0,72418.0,63661.0,63001.0,70766.0,55236.0
면목5동,62999.0,78060.0,47938.0,55710.0,67789.0,43631.0,69131.0,89668.0,48594.0
면목본동,92326.0,119903.0,64749.0,94721.0,120111.0,69330.0,96282.0,123128.0,69436.0
면목7동,86481.0,108558.0,64403.0,83819.0,103607.0,64031.0,73810.0,103393.0,44227.0
면목3·8동,75990.0,106840.0,45140.0,75467.0,108895.0,42038.0,78837.0,104270.0,53405.0
상봉1동,91210.0,105488.0,76931.0,87565.0,106207.0,68923.0,87527.0,89679.0,85374.0
상봉2동,111753.0,146834.0,76672.0,110855.0,148592.0,73118.0,109128.0,135249.0,83008.0
중화1동,70491.0,82527.0,58456.0,67544.0,78189.0,56899.0,68281.0,81453.0,55109.0
중화2동,81474.0,103344.0,59604.0,90395.0,118966.0,61823.0,87310.0,117223.0,57397.0
묵1동,85587.0,99776.0,71398.0,103690.0,106068.0,101313.0,105998.0,111498.0,100498.0
묵2동,107369.0,91561.0,123177.0,118570.0,95007.0,142132.0,121718.0,92461.0,150974.0
망우본동,87039.0,103347.0,70730.0,90041.0,109946.0,70135.0,87688.0,110766.0,64610.0
망우3동,52710.0,66696.0,38724.0,57879.0,70528.0,45230.0,60468.0,69153.0,51782.0
신내1동,95937.0,116608.0,75265.0,93309.0,114133.0,72486.0,89292.0,110909.0,67676.0
신내2동,123747.0,125244.0,122251.0,115284.0,114842.0,115726.0,120281.0,124335.0,116226.0
성북구,106443.0,126727.0,86159.0,111041.0,127310.0,94771.0,111551.0,126422.0,96680.0
성북동,87256.0,123206.0,51307.0,96054.0,125667.0,66441.0,98197.0,108697.0,87697.0
삼선동,99189.0,142988.0,55391.0,109637.0,139788.0,79487.0,111590.0,141436.0,81743.0
동선동,146005.0,146293.0,145717.0,149539.0,150819.0,148259.0,148701.0,149039.0,148363.0
돈암1동,,,,,,,,,
돈암2동,83309.0,,83309.0,124780.0,,124780.0,115058.0,,115058.0
안암동,96709.0,124280.0,69139.0,89294.0,124517.0,54071.0,90074.0,124117.0,56032.0
보문동,76677.0,103291.0,50062.0,78018.0,104757.0,51279.0,78863.0,105987.0,51739.0
정릉1동,94125.0,98179.0,90071.0,94586.0,99101.0,90071.0,101014.0,99423.0,102606.0
정릉2동,134257.0,98710.0,169804.0,133302.0,96801.0,169804.0,171016.0,111211.0,230821.0
정릉3동,88495.0,88495.0,,82480.0,82480.0,,105891.0,105891.0,
정릉4동,91026.0,122691.0,59361.0,86993.0,117434.0,56552.0,69090.0,97488.0,40692.0
길음1동,147683.0,153324.0,142041.0,156037.0,161481.0,150592.0,146742.0,169384.0,124099.0
길음2동,160011.0,209664.0,110359.0,160049.0,185462.0,134635.0,144551.0,165697.0,123405.0
종암동,77065.0,103903.0,50227.0,87423.0,119587.0,55260.0,87773.0,116833.0,58714.0
월곡1동,92721.0,124428.0,61014.0,83937.0,117165.0,50709.0,91611.0,126996.0,56225.0
월곡2동,81091.0,103208.0,58975.0,80149.0,102365.0,57934.0,84914.0,115762.0,54065.0
장위1동,107031.0,115108.0,98955.0,99020.0,101633.0,96408.0,97990.0,107113.0,88867.0
장위2동,157115.0,198158.0,116073.0,154704.0,187414.0,121993.0,143119.0,163785.0,122454.0
장위3동,80359.0,117338.0,43380.0,94931.0,123206.0,66655.0,117606.0,145294.0,89918.0
석관동,77631.0,114426.0,40836.0,82597.0,112939.0,52255.0,84992.0,114587.0,55396.0
강북구,82743.0,99741.0,65745.0,82972.0,99655.0,66289.0,88285.0,106587.0,69982.0
삼양동,88505.0,99415.0,77594.0,82684.0,91372.0,73997.0,84109.0,90813.0,77406.0
미아동,95413.0,109688.0,81139.0,96151.0,113919.0,78383.0,110056.0,121402.0,98711.0
송중동,101081.0,124794.0,77368.0,100896.0,119983.0,81809.0,107930.0,124226.0,91634.0
송천동,60584.0,77831.0,43336.0,58300.0,78132.0,38468.0,57267.0,74419.0,40116.0
삼각산동,110878.0,107577.0,114179.0,104156.0,106720.0,101592.0,116171.0,134715.0,97627.0
번1동,78281.0,89012.0,67550.0,79141.0,91748.0,66533.0,84399.0,101032.0,67766.0
번2동,59158.0,72377.0,45938.0,59606.0,71536.0,47675.0,61566.0,83541.0,39592.0
번3동,80003.0,94648.0,65357.0,75368.0,91275.0,59461.0,113662.0,157072.0,70251.0
수유1동,78815.0,86473.0,71156.0,86359.0,87366.0,85351.0,89603.0,95637.0,83568.0
수유2동,57620.0,82349.0,32891.0,61208.0,87432.0,34984.0,62116.0,87014.0,37218.0
수유3동,96497.0,128355.0,64640.0,94531.0,125695.0,63367.0,99449.0,131480.0,67417.0
우이동,75720.0,100151.0,51289.0,73934.0,96648.0,51221.0,72044.0,93735.0,50354.0
인수동,55195.0,65424.0,44966.0,61071.0,66983.0,55160.0,61323.0,69803.0,52842.0
도봉구,132253.0,153211.0,111296.0,131424.0,148708.0,114141.0,122372.0,136699.0,108046.0
창1동,121346.0,157332.0,85360.0,125557.0,163265.0,87848.0,119618.0,152685.0,86552.0
창2동,150696.0,161872.0,139520.0,148008.0,158062.0,137954.0,117765.0,153576.0,81953.0
창3동,91198.0,112826.0,69570.0,88558.0,110483.0,66633.0,83290.0,100758.0,65821.0
창4동,208737.0,293066.0,124407.0,189144.0,263091.0,115197.0,177348.0,233794.0,120902.0
창5동,167858.0,218705.0,117011.0,172051.0,205500.0,138603.0,176579.0,196192.0,156966.0
도봉1동,98449.0,121605.0,75292.0,98683.0,120679.0,76687.0,97764.0,114612.0,80916.0
도봉2동,108173.0,130810.0,85536.0,114877.0,129650.0,100104.0,101985.0,105007.0,98963.0
쌍문1동,126293.0,109701.0,142884.0,130858.0,107885.0,153831.0,117918.0,98177.0,137659.0
쌍문2동,115486.0,135278.0,95695.0,118979.0,133719.0,104239.0,121917.0,126280.0,117554.0
쌍문3동,161050.0,168854.0,153246.0,161858.0,159262.0,164454.0,126548.0,132051.0,121045.0
쌍문4동,116351.0,103524.0,129179.0,114455.0,106242.0,122668.0,100815.0,96780.0,104850.0
방학1동,156864.0,175053.0,138674.0,152460.0,171187.0,133732.0,133943.0,145722.0,122164.0
방학2동,94895.0,112885.0,76904.0,97003.0,111238.0,82768.0,92647.0,103958.0,81336.0
방학3동,128133.0,156831.0,99436.0,116123.0,136036.0,96210.0,122643.0,162040.0,83247.0
노원구,114559.0,140204.0,88914.0,112598.0,139348.0,85849.0,110900.0,137361.0,84439.0
월계1동,120812.0,173891.0,67734.0,127480.0,177608.0,77352.0,132680.0,151369.0,113990.0
월계2동,87400.0,125242.0,49558.0,83147.0,119060.0,47235.0,92817.0,135415.0,50220.0
월계3동,99933.0,141769.0,58096.0,104754.0,141769.0,67740.0,123323.0,176532.0,70113.0
공릉1동,87943.0,114579.0,61306.0,86025.0,110967.0,61083.0,92519.0,111803.0,73236.0
공릉2동,117300.0,132475.0,102125.0,111107.0,132493.0,89720.0,103136.0,128536.0,77736.0
하계1동,92962.0,97307.0,88617.0,89475.0,105010.0,73940.0,96223.0,112058.0,80389.0
하계2동,148558.0,179540.0,117575.0,142567.0,179540.0,105594.0,81322.0,,81322.0
중계본동,90801.0,116771.0,64831.0,89605.0,116771.0,62439.0,95597.0,124056.0,67138.0
중계1동,136891.0,195894.0,77888.0,137501.0,195133.0,79869.0,124876.0,172546.0,77205.0
중계4동,109711.0,139852.0,79570.0,112542.0,148826.0,76259.0,111504.0,148058.0,74949.0
중계2·3동,141906.0,183863.0,99949.0,142141.0,184560.0,99723.0,148630.0,211959.0,85301.0
상계1동,87147.0,115685.0,58608.0,89175.0,120891.0,57459.0,89588.0,122302.0,56874.0
상계2동,138715.0,159404.0,118026.0,136183.0,156360.0,116006.0,133765.0,144581.0,122949.0
상계3·4동,145374.0,95417.0,195332.0,148606.0,88320.0,208892.0,127474.0,103892.0,151056.0
상계5동,89170.0,118185.0,60154.0,87874.0,115862.0,59886.0,86374.0,114199.0,58549.0
상계6·7동,144911.0,184246.0,105577.0,140176.0,185633.0,94720.0,129245.0,173351.0,85139.0
상계8동,162639.0,231781.0,93497.0,149963.0,208671.0,91255.0,136730.0,188415.0,85044.0
상계9동,134226.0,147981.0,120472.0,127408.0,149214.0,105602.0,138343.0,172826.0,103860.0
상계10동,135503.0,201889.0,69117.0,140782.0,212947.0,68616.0,157073.0,254998.0,59148.0
은평구,92679.0,110542.0,74816.0,94233.0,111113.0,77353.0,100502.0,113205.0,87799.0
녹번동,95699.0,100830.0,90568.0,98185.0,102371.0,93999.0,101857.0,99735.0,103978.0
불광1동,87325.0,113248.0,61402.0,87202.0,111332.0,63071.0,98868.0,129474.0,68262.0
불광2동,90054.0,91659.0,88450.0,85615.0,88550.0,82681.0,94324.0,96301.0,92347.0
갈현1동,84599.0,115148.0,54050.0,85684.0,114822.0,56546.0,94261.0,118320.0,70203.0
갈현2동,85467.0,107842.0,63092.0,91011.0,115074.0,66949.0,106504.0,125219.0,87790.0
구산동,80048.0,101171.0,58926.0,73172.0,97006.0,49338.0,78629.0,101599.0,55659.0
대조동,110354.0,129586.0,91122.0,119303.0,129673.0,108933.0,113883.0,113545.0,114221.0
응암1동,96875.0,128763.0,64987.0,97343.0,130640.0,64046.0,98112.0,127689.0,68536.0
응암2동,92602.0,103192.0,82012.0,92551.0,106557.0,78546.0,105773.0,88835.0,122710.0
응암3동,83100.0,108623.0,57577.0,82734.0,105140.0,60328.0,77598.0,108710.0,46487.0
역촌동,83182.0,96617.0,69747.0,79588.0,92323.0,66853.0,88044.0,95875.0,80214.0
신사1동,98345.0,110645.0,86045.0,91756.0,120897.0,62616.0,111723.0,141408.0,82038.0
신사2동,83238.0,117571.0,48904.0,78527.0,113999.0,43055.0,96464.0,106548.0,86381.0
증산동,62513.0,69212.0,55814.0,77624.0,89543.0,65705.0,76503.0,95379.0,57628.0
수색동,62705.0,62705.0,,62705.0,62705.0,,97712.0,,97712.0
진관동,119643.0,144930.0,94356.0,121616.0,144494.0,98738.0,124942.0,139020.0,110864.0
서대문구,130294.0,144159.0,116430.0,140149.0,147396.0,132903.0,144423.0,153042.0,135804.0
천연동,120585.0,197650.0,43520.0,125252.0,206984.0,43520.0,115431.0,168294.0,62568.0
북아현동,89177.0,117491.0,60863.0,123209.0,115500.0,130919.0,131404.0,132701.0,130108.0
충현동,131184.0,146324.0,116044.0,138780.0,137751.0,139808.0,158144.0,158836.0,157453.0
신촌동,163692.0,204172.0,123211.0,173821.0,212643.0,134998.0,178865.0,233692.0,124037.0
연희동,128051.0,118796.0,137306.0,130967.0,119517.0,142418.0,131220.0,125954.0,136485.0
홍제1동,125128.0,184105.0,66151.0,117299.0,174936.0,59662.0,131127.0,165018.0,97236.0
홍제3동,95411.0,126904.0,63917.0,100744.0,127268.0,74220.0,96014.0,138360.0,53668.0
홍제2동,84567.0,84567.0,,109225.0,78561.0,139889.0,100387.0,65068.0,135707.0
홍은1동,110327.0,81448.0,139206.0,138796.0,86417.0,191176.0,154574.0,81809.0,227339.0
홍은2동,98015.0,102842.0,93189.0,131799.0,111542.0,152055.0,141853.0,107727.0,175979.0
남가좌1동,123169.0,149476.0,96861.0,116376.0,147355.0,85396.0,130742.0,164788.0,96696.0
남가좌2동,162771.0,151020.0,174521.0,174485.0,167802.0,181169.0,158743.0,179045.0,138442.0
북가좌1동,103862.0,94392.0,113332.0,118529.0,132743.0,104314.0,146203.0,138273.0,154134.0
북가좌2동,96176.0,109098.0,83254.0,108723.0,103945.0,113501.0,130446.0,106818.0,154074.0
마포구,135340.0,152946.0,117735.0,138163.0,157639.0,118686.0,140886.0,161326.0,120445.0
아현동,129815.0,133678.0,125951.0,125448.0,129945.0,120950.0,147696.0,159478.0,135914.0
공덕동,124235.0,133552.0,114919.0,137826.0,138769.0,136883.0,133397.0,148904.0,117891.0
도화동,117759.0,162558.0,72960.0,119908.0,166739.0,73077.0,139356.0,198403.0,80309.0
용강동,132545.0,171903.0,93187.0,144468.0,172513.0,116423.0,157242.0,179571.0,134914.0
대흥동,127776.0,184127.0,71426.0,122379.0,169696.0,75061.0,129828.0,181952.0,77703.0
염리동,172571.0,172571.0,,177947.0,177947.0,,172305.0,172305.0,
신수동,148207.0,127500.0,168914.0,151650.0,120252.0,183049.0,146039.0,114569.0,177509.0
서강동,143198.0,158502.0,127895.0,138320.0,163022.0,113617.0,150697.0,162940.0,138454.0
서교동,157376.0,173971.0,140780.0,160213.0,179698.0,140727.0,158493.0,180636.0,136350.0
합정동,122173.0,149137.0,95209.0,127740.0,164523.0,90958.0,125727.0,169923.0,81532.0
망원1동,133894.0,159672.0,108115.0,140222.0,171658.0,108786.0,143783.0,177236.0,110330.0
망원2동,100690.0,125839.0,75540.0,105261.0,135475.0,75048.0,101898.0,136413.0,67384.0
연남동,133551.0,148581.0,118520.0,134870.0,147452.0,122289.0,134568.0,143273.0,125864.0
성산1동,111399.0,107347.0,115451.0,108521.0,103080.0,113962.0,106292.0,94094.0,118490.0
성산2동,114956.0,103761.0,126150.0,127076.0,140371.0,113781.0,104248.0,142795.0,65700.0
상암동,134162.0,178254.0,90069.0,132843.0,174134.0,91552.0,158719.0,185113.0,132324.0
양천구,115840.0,132226.0,99455.0,114166.0,131464.0,96868.0,112408.0,128388.0,96427.0
목1동,144385.0,178978.0,109793.0,141157.0,188167.0,94148.0,130721.0,176665.0,84777.0
목2동,103638.0,103157.0,104120.0,109529.0,105654.0,113404.0,109471.0,112534.0,106408.0
목3동,141454.0,128732.0,154177.0,127048.0,131541.0,122555.0,135755.0,129943.0,141567.0
목4동,102735.0,105983.0,99487.0,98053.0,105367.0,90740.0,104981.0,110898.0,99065.0
목5동,173137.0,229422.0,116852.0,163044.0,222427.0,103661.0,164114.0,227319.0,100908.0
신월1동,79360.0,100294.0,58426.0,91394.0,114592.0,68196.0,91553.0,117774.0,65333.0
신월2동,99441.0,92067.0,106816.0,100624.0,85134.0,116115.0,98608.0,83966.0,113249.0
신월3동,147729.0,98502.0,196956.0,122282.0,84552.0,160013.0,109293.0,71297.0,147289.0
신월4동,124359.0,150468.0,98249.0,124096.0,142646.0,105545.0,113260.0,118885.0,107636.0
신월5동,76519.0,104835.0,48203.0,89506.0,101003.0,78008.0,87303.0,102645.0,71961.0
신월6동,116106.0,149855.0,82357.0,121378.0,154366.0,88390.0,107950.0,123434.0,92467.0
신월7동,105669.0,102962.0,108376.0,92847.0,96721.0,88972.0,95533.0,104745.0,86321.0
신정1동,101267.0,141425.0,61109.0,99746.0,138717.0,60775.0,103820.0,144108.0,63532.0
신정2동,86019.0,117274.0,54763.0,102747.0,110947.0,94546.0,102477.0,111078.0,93875.0
신정3동,107363.0,158950.0,55776.0,104109.0,149189.0,59028.0,108440.0,133744.0,83137.0
신정4동,128646.0,130438.0,126854.0,129824.0,138414.0,121234.0,122335.0,132205.0,112464.0
신정6동,126232.0,165442.0,87022.0,123716.0,161629.0,85803.0,125208.0,165749.0,84668.0
신정7동,128048.0,198381.0,57714.0,122604.0,168714.0,76494.0,97579.0,105986.0,89171.0
강서구,123036.0,145160.0,100912.0,125771.0,147752.0,103790.0,127024.0,150478.0,103571.0
염창동,109225.0,140910.0,77540.0,108877.0,138139.0,79615.0,106727.0,142907.0,70548.0
등촌1동,114290.0,128183.0,100397.0,118178.0,140633.0,95724.0,126198.0,143431.0,108966.0
등촌2동,119867.0,127756.0,111979.0,135400.0,153695.0,117105.0,114718.0,134604.0,94833.0
등촌3동,112812.0,147229.0,78396.0,113756.0,145595.0,81917.0,119286.0,155036.0,83536.0
화곡1동,126157.0,133484.0,118831.0,119316.0,122950.0,115682.0,114767.0,135433.0,94102.0
화곡2동,140686.0,125098.0,156273.0,137081.0,121392.0,152770.0,142278.0,123727.0,160830.0
화곡3동,113536.0,120091.0,106981.0,109057.0,114915.0,103199.0,104007.0,132026.0,75988.0
화곡4동,79573.0,109491.0,49655.0,82401.0,111912.0,52890.0,90763.0,121589.0,59936.0
화곡본동,100160.0,107590.0,92731.0,116155.0,137349.0,94961.0,115980.0,131268.0,100691.0
화곡6동,117116.0,161329.0,72903.0,114622.0,144832.0,84412.0,123996.0,164111.0,83881.0
화곡8동,96266.0,128205.0,64326.0,95434.0,125708.0,65161.0,118460.0,126941.0,109978.0
가양1동,171279.0,224104.0,118455.0,169823.0,221027.0,118619.0,170973.0,225077.0,116869.0
가양2동,98146.0,,98146.0,102461.0,,102461.0,100964.0,,100964.0
가양3동,124658.0,,124658.0,102617.0,,102617.0,108802.0,,108802.0
발산1동,128911.0,156698.0,101124.0,137108.0,168628.0,105587.0,138627.0,169556.0,107699.0
우장산동,86822.0,113669.0,59976.0,90207.0,111653.0,68761.0,98633.0,101441.0,95825.0
공항동,111639.0,138186.0,85092.0,117717.0,127117.0,108317.0,116006.0,131687.0,100326.0
방화1동,110107.0,128045.0,92169.0,115491.0,125791.0,105191.0,108309.0,116287.0,100332.0
방화2동,100156.0,79333.0,120979.0,106932.0,92955.0,120910.0,105262.0,102874.0,107649.0
방화3동,113963.0,155689.0,72237.0,110857.0,154480.0,67233.0,129998.0,161810.0,98186.0
구로구,133486.0,146069.0,120902.0,133081.0,146797.0,119365.0,135123.0,149570.0,120675.0
신도림동,166735.0,187906.0,145564.0,170291.0,172867.0,167714.0,168110.0,171083.0,165136.0
구로1동,138878.0,198232.0,79524.0,143470.0,203309.0,83631.0,153324.0,193181.0,113467.0
구로2동,123630.0,137774.0,109486.0,122743.0,136738.0,108748.0,118408.0,140693.0,96123.0
구로3동,164706.0,185139.0,144273.0,172837.0,206170.0,139504.0,188241.0,238362.0,138120.0
구로4동,137171.0,136642.0,137701.0,129206.0,133104.0,125308.0,131594.0,136177.0,127010.0
구로5동,122119.0,141177.0,103061.0,123791.0,138920.0,108663.0,120425.0,125776.0,115074.0
가리봉동,120224.0,142261.0,98187.0,117840.0,135133.0,100547.0,107489.0,112538.0,102440.0
고척1동,111102.0,137579.0,84625.0,100041.0,123536.0,76547.0,113095.0,119590.0,106600.0
고척2동,95344.0,95264.0,95425.0,95762.0,97814.0,93710.0,100550.0,102981.0,98118.0
개봉1동,109899.0,116178.0,103619.0,115030.0,129637.0,100423.0,123046.0,128685.0,117407.0
개봉2동,158155.0,142062.0,174248.0,141988.0,134114.0,149861.0,122932.0,98651.0,147214.0
개봉3동,93613.0,93613.0,,125491.0,94362.0,156619.0,140437.0,95247.0,185626.0
오류1동,130832.0,155435.0,106229.0,134859.0,164295.0,105424.0,152288.0,181860.0,122715.0
오류2동,148501.0,169034.0,127968.0,146606.0,162869.0,130343.0,145229.0,157605.0,132853.0
수궁동,122660.0,107199.0,138121.0,134504.0,107910.0,161098.0,140220.0,126950.0,153490.0
항동,168934.0,224866.0,113002.0,163123.0,216036.0,110209.0,170132.0,218281.0,121983.0
금천구,107607.0,129916.0,85298.0,105720.0,128991.0,82448.0,110668.0,136636.0,84699.0
가산동,131085.0,165944.0,96227.0,127728.0,163674.0,91781.0,133308.0,171974.0,94643.0
독산1동,101692.0,110677.0,92706.0,100591.0,107193.0,93988.0,103661.0,119317.0,88005.0
독산2동,84796.0,84796.0,,61582.0,86423.0,36742.0,62532.0,87442.0,37622.0
독산3동,86801.0,104347.0,69254.0,83115.0,93784.0,72446.0,75410.0,98758.0,52062.0
독산4동,90035.0,123716.0,56354.0,92298.0,131221.0,53375.0,91533.0,141078.0,41987.0
시흥1동,114291.0,153705.0,74876.0,103754.0,143045.0,64463.0,111632.0,155831.0,67433.0
시흥2동,60905.0,,60905.0,60905.0,,60905.0,,,
시흥3동,84304.0,116815.0,51794.0,82274.0,114536.0,50011.0,86910.0,113025.0,60796.0
시흥4동,104745.0,104745.0,,113004.0,113004.0,,95255.0,99593.0,90916.0
시흥5동,84808.0,104613.0,65003.0,87353.0,111058.0,63648.0,82292.0,97636.0,66948.0
영등포구,118001.0,135159.0,100843.0,116895.0,133304.0,100487.0,118742.0,131932.0,105551.0
영등포본동,101181.0,132178.0,70184.0,108181.0,119218.0,97143.0,106813.0,98596.0,115030.0
영등포동,125304.0,140177.0,110431.0,122386.0,141832.0,102941.0,120404.0,139943.0,100865.0
여의동,165664.0,221717.0,109610.0,164154.0,220293.0,108015.0,172875.0,235521.0,110229.0
당산1동,110212.0,127571.0,92853.0,106960.0,122403.0,91517.0,114736.0,127243.0,102229.0
당산2동,126362.0,153457.0,99267.0,128241.0,155716.0,100766.0,129765.0,154343.0,105187.0
도림동,99882.0,119790.0,79974.0,105393.0,111303.0,99483.0,97001.0,109124.0,84878.0
문래동,101707.0,113275.0,90138.0,105479.0,111648.0,99309.0,112715.0,118175.0,107255.0
양평1동,148445.0,166926.0,129964.0,142156.0,157214.0,127098.0,142441.0,116810.0,168072.0
양평2동,110608.0,110451.0,110764.0,110955.0,113019.0,108891.0,118311.0,111413.0,125209.0
신길1동,101544.0,126002.0,77086.0,95918.0,123858.0,67978.0,94043.0,116278.0,71808.0
신길3동,82129.0,92305.0,71954.0,76032.0,89215.0,62849.0,82316.0,89853.0,74779.0
신길4동,113469.0,107221.0,119718.0,114399.0,100100.0,128697.0,106636.0,105385.0,107887.0
신길5동,90712.0,111743.0,69680.0,86914.0,112448.0,61380.0,94693.0,118496.0,70890.0
신길6동,94786.0,119549.0,70024.0,95804.0,120370.0,71238.0,87941.0,108006.0,67875.0
신길7동,149664.0,117171.0,182157.0,137084.0,122553.0,151614.0,137017.0,117375.0,156660.0
대림1동,93232.0,111481.0,74983.0,91370.0,103277.0,79463.0,94491.0,97579.0,91402.0
대림2동,111297.0,152273.0,70321.0,110636.0,150763.0,70510.0,92724.0,123015.0,62432.0
대림3동,100487.0,122459.0,78515.0,94041.0,112557.0,75524.0,87239.0,110747.0,63731.0
동작구,144797.0,182069.0,107524.0,141411.0,181717.0,101105.0,141069.0,179717.0,102420.0
노량진1동,140237.0,176587.0,103888.0,147597.0,199544.0,95650.0,139616.0,188307.0,90926.0
노량진2동,227754.0,309185.0,146323.0,225511.0,310776.0,140247.0,219778.0,300440.0,139116.0
상도1동,141594.0,155889.0,127299.0,127471.0,155337.0,99605.0,122248.0,158085.0,86412.0
상도2동,140845.0,183063.0,98628.0,144532.0,187371.0,101692.0,141704.0,182797.0,100611.0
상도3동,114673.0,142701.0,86644.0,120133.0,145993.0,94273.0,125548.0,162264.0,88832.0
상도4동,91671.0,114733.0,68610.0,94833.0,119106.0,70559.0,98025.0,111038.0,85011.0
흑석동,136481.0,179753.0,93209.0,132793.0,173064.0,92521.0,135318.0,162486.0,108149.0
사당1동,122940.0,156315.0,89565.0,115946.0,150052.0,81841.0,121479.0,149264.0,93694.0
사당2동,141076.0,172880.0,109272.0,152931.0,191340.0,114522.0,167002.0,207435.0,126569.0
사당3동,101749.0,98090.0,105409.0,99881.0,107920.0,91842.0,101341.0,113244.0,89439.0
사당4동,198604.0,256651.0,140558.0,194211.0,247865.0,140558.0,197387.0,232700.0,162074.0
사당5동,104878.0,127465.0,82291.0,97351.0,121506.0,73195.0,94343.0,110503.0,78182.0
대방동,110024.0,112138.0,107910.0,107853.0,118153.0,97554.0,107913.0,131059.0,84766.0
신대방1동,97552.0,123635.0,71468.0,91810.0,114869.0,68751.0,95936.0,114396.0,77476.0
신대방2동,134697.0,189096.0,80299.0,135440.0,181678.0,89201.0,142710.0,189776.0,95644.0
관악구,115782.0,141276.0,90289.0,117480.0,142998.0,91963.0,116083.0,142865.0,89302.0
보라매동,113120.0,117976.0,108264.0,110543.0,117940.0,103146.0,106648.0,136467.0,76829.0
청림동,148914.0,148914.0,,139653.0,139653.0,,97095.0,142175.0,52014.0
성현동,169290.0,131303.0,207276.0,157933.0,119425.0,196440.0,101142.0,132278.0,70007.0
행운동,144325.0,145475.0,143175.0,151982.0,154538.0,149427.0,144683.0,148767.0,140599.0
낙성대동,133919.0,196058.0,71779.0,134226.0,196192.0,72260.0,131097.0,173038.0,89156.0
청룡동,123437.0,138866.0,108008.0,127187.0,144810.0,109564.0,133251.0,145593.0,120909.0
은천동,98226.0,148861.0,47591.0,101388.0,153825.0,48951.0,99953.0,146750.0,53156.0
중앙동,107660.0,155109.0,60211.0,99599.0,138563.0,60636.0,95302.0,130973.0,59630.0
인헌동,109003.0,147142.0,70864.0,108747.0,152283.0,65211.0,103839.0,137467.0,70210.0
남현동,149477.0,159173.0,139782.0,170852.0,153702.0,188001.0,147630.0,149531.0,145729.0
서원동,168713.0,225503.0,111922.0,176319.0,233062.0,119576.0,195703.0,222942.0,168465.0
신원동,92584.0,146213.0,38954.0,85904.0,138924.0,32883.0,91446.0,138888.0,44005.0
서림동,86640.0,93174.0,80106.0,82223.0,85771.0,78675.0,74943.0,93303.0,56583.0
신사동,101946.0,120651.0,83240.0,101865.0,117701.0,86029.0,103356.0,130577.0,76135.0
신림동,132126.0,165126.0,99127.0,137316.0,177813.0,96819.0,142576.0,205360.0,79791.0
난향동,87537.0,87537.0,,87537.0,87537.0,,78932.0,78932.0,
조원동,87513.0,114780.0,60245.0,88628.0,114655.0,62602.0,86190.0,114146.0,58235.0
대학동,88379.0,122623.0,54135.0,97858.0,139950.0,55766.0,97248.0,135233.0,59264.0
삼성동,69850.0,69850.0,,73429.0,73429.0,,87167.0,60140.0,114194.0
미성동,99419.0,97620.0,101218.0,93284.0,96888.0,89680.0,82720.0,90126.0,75315.0
난곡동,82248.0,101036.0,63459.0,86175.0,108459.0,63890.0,94325.0,109836.0,78813.0
서초구,134978.0,156381.0,113575.0,135964.0,155598.0,116330.0,136637.0,152663.0,120611.0
서초1동,134666.0,145167.0,124165.0,133117.0,134751.0,131483.0,131856.0,145820.0,117891.0
서초2동,204757.0,261325.0,148189.0,181696.0,215355.0,148038.0,205936.0,246414.0,165459.0
서초3동,138664.0,158718.0,118610.0,134159.0,152268.0,116049.0,133520.0,148970.0,118071.0
서초4동,239608.0,328045.0,151171.0,211664.0,258416.0,164912.0,193128.0,229941.0,156314.0
잠원동,123801.0,141466.0,106136.0,112993.0,131902.0,94085.0,108073.0,128592.0,87553.0
반포본동,,,,,,,,,
반포1동,169177.0,216237.0,122118.0,160150.0,199032.0,121268.0,146445.0,172244.0,120647.0
반포2동,190214.0,,190214.0,218412.0,,218412.0,207059.0,,207059.0
반포3동,116398.0,,116398.0,115831.0,,115831.0,198816.0,259326.0,138306.0
반포4동,154321.0,192795.0,115847.0,176130.0,233275.0,118985.0,172821.0,231412.0,114230.0
방배본동,104418.0,128092.0,80743.0,103419.0,126417.0,80420.0,102571.0,128514.0,76628.0
방배1동,123126.0,149621.0,96631.0,124416.0,156569.0,92264.0,128973.0,158512.0,99434.0
방배2동,120764.0,128529.0,112998.0,114469.0,120206.0,108731.0,106401.0,116645.0,96157.0
방배3동,126620.0,158632.0,94608.0,122085.0,156893.0,87276.0,111349.0,150718.0,71980.0
방배4동,107798.0,142520.0,73077.0,105925.0,131794.0,80055.0,119823.0,139138.0,100507.0
양재1동,115360.0,133323.0,97396.0,129559.0,141146.0,117971.0,118288.0,132084.0,104491.0
양재2동,101732.0,124547.0,78918.0,111509.0,136335.0,86684.0,121105.0,124809.0,117401.0
내곡동,104667.0,,104667.0,92281.0,76926.0,107635.0,108618.0,112652.0,104584.0
강남구,170684.0,182170.0,159198.0,171151.0,181426.0,160876.0,175465.0,186924.0,164007.0
신사동,159029.0,177870.0,140188.0,153685.0,170259.0,137110.0,148582.0,168610.0,128553.0
논현1동,164182.0,217008.0,111355.0,160054.0,199044.0,121064.0,167231.0,191970.0,142493.0
논현2동,141155.0,160138.0,122173.0,142870.0,161453.0,124287.0,140670.0,144072.0,137269.0
압구정동,191427.0,246566.0,136288.0,189908.0,243504.0,136311.0,223042.0,315725.0,130360.0
청담동,177110.0,168898.0,185322.0,178123.0,168898.0,187348.0,174568.0,170221.0,178914.0
삼성1동,218043.0,99286.0,336801.0,214118.0,115349.0,312887.0,216705.0,140688.0,292721.0
삼성2동,174492.0,158317.0,190667.0,177973.0,160802.0,195145.0,201912.0,206625.0,197199.0
대치1동,247573.0,305810.0,189335.0,200146.0,278465.0,121826.0,121826.0,,121826.0
대치2동,150218.0,162389.0,138046.0,187487.0,218055.0,156920.0,179832.0,206194.0,153469.0
대치4동,160216.0,195400.0,125031.0,160349.0,184079.0,136619.0,159427.0,182501.0,136352.0
역삼1동,176079.0,194122.0,158036.0,177055.0,186974.0,167135.0,186220.0,193530.0,178911.0
역삼2동,184237.0,164704.0,203769.0,172774.0,178337.0,167211.0,196996.0,217215.0,176776.0
도곡1동,144111.0,177849.0,110374.0,131320.0,143436.0,119203.0,176177.0,149681.0,202674.0
도곡2동,200584.0,200019.0,201149.0,219231.0,241539.0,196922.0,193577.0,216333.0,170821.0
개포1동,,,,,,,,,
개포2동,187591.0,157316.0,217866.0,166407.0,128944.0,203871.0,193753.0,138916.0,248590.0
개포4동,93972.0,118846.0,69099.0,100549.0,123464.0,77635.0,94733.0,114664.0,74803.0
세곡동,119723.0,155669.0,83776.0,121509.0,158681.0,84337.0,132965.0,175012.0,90919.0
일원본동,,,,,,,,,
일원1동,99370.0,114004.0,84735.0,94398.0,112162.0,76634.0,95941.0,114366.0,77516.0
일원2동,251526.0,,251526.0,175003.0,,175003.0,175467.0,,175467.0
수서동,126264.0,146166.0,106362.0,173129.0,166313.0,179944.0,185138.0,188477.0,181800.0
송파구,136609.0,160080.0,113137.0,128877.0,153807.0,103946.0,127058.0,151091.0,103025.0
풍납1동,132708.0,132708.0,,134567.0,134567.0,,81339.0,119006.0,43671.0
풍납2동,97247.0,133245.0,61248.0,87395.0,125123.0,49667.0,89815.0,126758.0,52872.0
거여1동,102527.0,160600.0,44454.0,82678.0,115156.0,50200.0,128624.0,177365.0,79884.0
거여2동,193081.0,296450.0,89712.0,153342.0,218828.0,87856.0,147407.0,204365.0,90450.0
마천1동,71761.0,76527.0,66994.0,80056.0,81689.0,78423.0,67950.0,82932.0,52969.0
마천2동,190219.0,181615.0,198823.0,160176.0,161171.0,159181.0,155970.0,156983.0,154956.0
방이1동,93046.0,96695.0,89396.0,100192.0,109180.0,91204.0,98743.0,129420.0,68067.0
방이2동,140538.0,159047.0,122030.0,136490.0,159794.0,113185.0,131190.0,147230.0,115151.0
오륜동,,,,,,,335204.0,335204.0,
오금동,109514.0,127439.0,91588.0,92909.0,120838.0,64979.0,77787.0,102366.0,53209.0
송파1동,130360.0,139303.0,121416.0,108891.0,127798.0,89983.0,100794.0,134424.0,67164.0
송파2동,101789.0,153607.0,49971.0,100560.0,134362.0,66759.0,102377.0,134689.0,70066.0
석촌동,128357.0,160317.0,96397.0,125860.0,157154.0,94566.0,117211.0,146061.0,88361.0
삼전동,136532.0,150173.0,122891.0,128273.0,152116.0,104430.0,111306.0,143879.0,78733.0
가락본동,139346.0,170644.0,108048.0,131218.0,167325.0,95112.0,116764.0,146661.0,86867.0
가락1동,128373.0,92931.0,163815.0,128960.0,91865.0,166055.0,128601.0,80259.0,176943.0
가락2동,106984.0,140921.0,73046.0,94031.0,121008.0,67053.0,89964.0,119306.0,60622.0
문정1동,91597.0,122956.0,60238.0,87394.0,115939.0,58848.0,88658.0,103433.0,73883.0
문정2동,156887.0,207530.0,106244.0,150114.0,197637.0,102591.0,146549.0,189901.0,103196.0
장지동,130917.0,134997.0,126838.0,107081.0,153581.0,60580.0,107897.0,161458.0,54337.0
위례동,140853.0,199199.0,82507.0,137234.0,192142.0,82325.0,137891.0,191622.0,84160.0
잠실본동,143295.0,191971.0,94618.0,127996.0,169182.0,86811.0,136916.0,175667.0,98164.0
잠실2동,385528.0,479212.0,291843.0,352604.0,438700.0,266508.0,329205.0,420195.0,238215.0
잠실3동,209287.0,200401.0,218173.0,192299.0,189978.0,194620.0,197928.0,188272.0,207584.0
잠실4동,,,,,,,,,
잠실6동,189614.0,188342.0,190887.0,180656.0,191668.0,169643.0,176392.0,177708.0,175076.0
잠실7동,,,,,,,,,
강동구,119949.0,141353.0,98545.0,121075.0,141144.0,101006.0,122369.0,143182.0,101556.0
강일동,154243.0,213132.0,95354.0,162333.0,222807.0,101858.0,154001.0,213914.0,94089.0
상일동,127832.0,158488.0,97176.0,131293.0,145850.0,116736.0,146507.0,139061.0,153952.0
명일1동,119132.0,149998.0,88266.0,117093.0,144294.0,89893.0,132814.0,162156.0,103472.0
명일2동,146852.0,226648.0,67056.0,152506.0,221074.0,83938.0,144082.0,203897.0,84266.0
고덕1동,139166.0,186527.0,91805.0,137026.0,182514.0,91538.0,102845.0,127567.0,78122.0
고덕2동,157741.0,165536.0,149946.0,162546.0,170263.0,154829.0,178773.0,183695.0,173850.0
암사1동,106468.0,135220.0,77716.0,102812.0,131520.0,74104.0,109909.0,141281.0,78537.0
암사2동,102818.0,113411.0,92225.0,102430.0,114207.0,90653.0,167459.0,230672.0,104245.0
암사3동,196318.0,161429.0,231208.0,194069.0,161717.0,226420.0,206062.0,214964.0,197161.0
천호1동,107181.0,108546.0,105816.0,110633.0,110054.0,111213.0,100237.0,108525.0,91949.0
천호2동,109585.0,137214.0,81955.0,111186.0,138249.0,84122.0,111454.0,138807.0,84101.0
천호3동,125467.0,141857.0,109077.0,129825.0,149435.0,110215.0,125394.0,131325.0,119463.0
성내1동,86523.0,102320.0,70725.0,96475.0,113167.0,79782.0,96357.0,117154.0,75561.0
성내2동,122930.0,125690.0,120171.0,124023.0,131276.0,116771.0,132712.0,135368.0,130055.0
성내3동,124771.0,159116.0,90425.0,119071.0,146159.0,91982.0,129067.0,155243.0,102890.0
길동,108537.0,131131.0,85943.0,110344.0,135284.0,85404.0,106442.0,131765.0,81119.0
둔촌1동,,,,,,,,,
둔촌2동,86112.0,110138.0,62085.0,94393.0,110154.0,78633.0,89473.0,101420.0,77526.0
