행정구역,2024_2Q_전체,2024_2Q_1층,2024_2Q_1층외,2024_3Q_전체,2024_3Q_1층,2024_3Q_1층외,2024_4Q_전체,2024_4Q_1층,2024_4Q_1층외
서울시 전체,136071.0,150596.0,121547.0,135190.0,150268.0,120113.0,137164.0,153199.0,121129.0
종로구,195617.0,230674.0,160559.0,190088.0,223395.0,156781.0,188914.0,222029.0,155799.0
청운효자동,152054.0,188588.0,115520.0,156899.0,201922.0,111876.0,158296.0,209717.0,106875.0
사직동,184123.0,235516.0,132729.0,167839.0,219567.0,116110.0,183418.0,232820.0,134017.0
삼청동,153171.0,153171.0,,172621.0,172621.0,,187508.0,187508.0,
부암동,98167.0,115405.0,80929.0,98504.0,101387.0,95622.0,123079.0,145132.0,101026.0
평창동,101501.0,83479.0,119522.0,83654.0,82149.0,85159.0,85049.0,85661.0,84438.0
무악동,,,,139803.0,139803.0,,144691.0,144691.0,
교남동,184128.0,215432.0,152824.0,189352.0,218656.0,160048.0,199675.0,210928.0,188422.0
가회동,171799.0,233527.0,110071.0,168867.0,223593.0,114141.0,156854.0,204311.0,109398.0
종로1·2·3·4가동,200140.0,269591.0,130688.0,195561.0,260361.0,130761.0,195252.0,259056.0,131449.0
종로5·6가동,277462.0,273313.0,281611.0,258263.0,257553.0,258974.0,247939.0,245320.0,250557.0
이화동,141860.0,178429.0,105291.0,121294.0,150927.0,91662.0,118655.0,151725.0,85585.0
혜화동,125576.0,159892.0,91260.0,126162.0,160932.0,91392.0,127378.0,164899.0,89856.0
창신1동,195161.0,262631.0,127691.0,221391.0,288535.0,154246.0,214549.0,268665.0,160434.0
창신2동,91104.0,105489.0,76719.0,96635.0,105343.0,87928.0,105859.0,111214.0,100504.0
창신3동,214241.0,214241.0,,275360.0,275360.0,,258053.0,258053.0,
숭인1동,121027.0,183505.0,58548.0,96054.0,137967.0,54141.0,90217.0,127200.0,53235.0
숭인2동,158589.0,205581.0,111597.0,166477.0,192147.0,140807.0,164660.0,187109.0,142212.0
중구,269374.0,282431.0,256317.0,265240.0,279830.0,250651.0,264923.0,276655.0,253191.0
소공동,228689.0,259429.0,197948.0,236785.0,275172.0,198399.0,230202.0,243462.0,216942.0
회현동,337514.0,415033.0,259994.0,351157.0,458125.0,244189.0,343544.0,442714.0,244373.0
명동,272907.0,348130.0,197684.0,240596.0,276176.0,205015.0,220254.0,240589.0,199919.0
필동,156282.0,167104.0,145459.0,157604.0,183801.0,131406.0,157894.0,181992.0,133797.0
장충동,201270.0,181947.0,220594.0,182809.0,193857.0,171760.0,181986.0,193857.0,170115.0
광희동,241041.0,243697.0,238384.0,244509.0,247745.0,241273.0,239025.0,238409.0,239641.0
을지로동,199792.0,273859.0,125725.0,196910.0,266970.0,126851.0,205096.0,281344.0,128849.0
신당동,388756.0,358287.0,419225.0,385011.0,356474.0,413548.0,391037.0,357826.0,424248.0
다산동,160608.0,132972.0,188244.0,159756.0,154472.0,165040.0,168525.0,150996.0,186054.0
약수동,234565.0,258863.0,210266.0,175064.0,205672.0,144457.0,186824.0,219147.0,154501.0
청구동,215947.0,221091.0,210803.0,240595.0,205763.0,275426.0,231422.0,216344.0,246499.0
신당5동,186409.0,209535.0,163283.0,171720.0,191964.0,151477.0,161731.0,175746.0,147716.0
동화동,242238.0,196110.0,288365.0,238588.0,204862.0,272315.0,241592.0,210428.0,272757.0
황학동,197396.0,178275.0,216517.0,190795.0,167744.0,213845.0,181210.0,178304.0,184115.0
중림동,218357.0,293075.0,143638.0,206597.0,259142.0,154052.0,186686.0,243121.0,130251.0
용산구,125065.0,140285.0,109845.0,121634.0,139726.0,103542.0,120697.0,138146.0,103249.0
후암동,98460.0,104174.0,92745.0,98176.0,107881.0,88472.0,103221.0,107802.0,98640.0
용산2가동,91089.0,100775.0,81404.0,87486.0,99172.0,75800.0,83867.0,96656.0,71078.0
남영동,132007.0,135226.0,128788.0,123032.0,136935.0,109129.0,116684.0,127060.0,106308.0
청파동,129329.0,132718.0,125940.0,125133.0,134867.0,115400.0,112045.0,136179.0,87911.0
원효로1동,96206.0,118206.0,74206.0,93025.0,111925.0,74126.0,94645.0,112166.0,77124.0
원효로2동,80685.0,91280.0,70090.0,77673.0,85333.0,70012.0,77212.0,88820.0,65604.0
효창동,156450.0,132745.0,180155.0,144438.0,141280.0,147595.0,158732.0,136828.0,180637.0
용문동,92719.0,129704.0,55734.0,107443.0,146525.0,68361.0,107127.0,145375.0,68878.0
한강로동,136541.0,159589.0,113494.0,132670.0,161791.0,103549.0,129566.0,159731.0,99402.0
이촌1동,226403.0,289792.0,163014.0,201138.0,270462.0,131815.0,222563.0,293109.0,152017.0
이촌2동,129468.0,100696.0,158241.0,99258.0,76934.0,121581.0,112262.0,80248.0,144275.0
이태원1동,173630.0,207415.0,139844.0,150197.0,165145.0,135248.0,148878.0,153496.0,144259.0
이태원2동,121364.0,138389.0,104338.0,131394.0,149657.0,113130.0,130761.0,146334.0,115188.0
한남동,147008.0,184392.0,109625.0,160515.0,205242.0,115788.0,156160.0,196037.0,116282.0
서빙고동,74759.0,73772.0,75746.0,79843.0,55361.0,104325.0,79754.0,54003.0,105504.0
보광동,89994.0,123378.0,56609.0,81807.0,110413.0,53201.0,82311.0,117176.0,47445.0
성동구,136247.0,146129.0,126364.0,134105.0,146901.0,121309.0,133773.0,148202.0,119344.0
왕십리2동,108598.0,130820.0,86376.0,106072.0,141612.0,70532.0,113270.0,161413.0,65128.0
왕십리도선동,154104.0,146471.0,161737.0,153993.0,160621.0,147365.0,144794.0,157054.0,132533.0
마장동,113491.0,145989.0,80994.0,109986.0,142525.0,77446.0,117581.0,155473.0,79689.0
사근동,142698.0,173134.0,112263.0,136773.0,174935.0,98610.0,126023.0,164992.0,87055.0
행당1동,149223.0,149185.0,149262.0,172644.0,172940.0,172349.0,170098.0,174808.0,165389.0
행당2동,135405.0,148251.0,122558.0,133271.0,150654.0,115889.0,128315.0,138697.0,117933.0
응봉동,105835.0,83923.0,127748.0,67478.0,86768.0,48189.0,64796.0,77253.0,52339.0
금호1가동,121496.0,124262.0,118729.0,95382.0,110405.0,80359.0,105721.0,126590.0,84851.0
금호2·3가동,122676.0,133331.0,112021.0,108182.0,133252.0,83111.0,109836.0,134529.0,85143.0
금호4가동,130106.0,145033.0,115180.0,146499.0,172345.0,120654.0,151448.0,176276.0,126621.0
옥수동,128260.0,129446.0,127075.0,133368.0,146156.0,120581.0,132307.0,146337.0,118277.0
성수1가1동,116148.0,126870.0,105427.0,115174.0,118336.0,112012.0,113384.0,116727.0,110042.0
성수1가2동,163250.0,173067.0,153434.0,156603.0,162191.0,151015.0,152168.0,155601.0,148734.0
성수2가1동,99607.0,104526.0,94687.0,91239.0,102300.0,80177.0,91114.0,101784.0,80444.0
성수2가3동,157620.0,174334.0,140907.0,157910.0,166651.0,149168.0,157926.0,168600.0,147252.0
송정동,95595.0,113022.0,78168.0,101119.0,111919.0,90319.0,109474.0,115226.0,103722.0
용답동,121787.0,170628.0,72945.0,119069.0,186429.0,51709.0,122047.0,191576.0,52519.0
광진구,106244.0,127395.0,85092.0,106222.0,128558.0,83885.0,107476.0,132109.0,82843.0
화양동,150777.0,160351.0,141203.0,149835.0,164646.0,135024.0,150208.0,165679.0,134737.0
군자동,109925.0,126967.0,92883.0,100904.0,120495.0,81314.0,100124.0,118100.0,82147.0
중곡1동,84782.0,100645.0,68918.0,86302.0,105686.0,66918.0,82285.0,112299.0,52271.0
중곡2동,77589.0,92350.0,62828.0,75676.0,98410.0,52943.0,90912.0,121721.0,60102.0
중곡3동,77092.0,103976.0,50209.0,75512.0,106409.0,44616.0,73510.0,110906.0,36114.0
중곡4동,103939.0,138028.0,69851.0,107692.0,137206.0,78179.0,105975.0,134862.0,77089.0
능동,113634.0,137147.0,90122.0,122957.0,153656.0,92258.0,129779.0,166772.0,92786.0
광장동,128506.0,169746.0,87265.0,130182.0,173110.0,87254.0,129507.0,172568.0,86447.0
자양1동,86270.0,116094.0,56446.0,83664.0,111637.0,55691.0,90778.0,116664.0,64891.0
자양2동,85155.0,106683.0,63627.0,85943.0,109528.0,62357.0,88566.0,108639.0,68494.0
자양3동,108747.0,132025.0,85468.0,108714.0,141081.0,76346.0,127590.0,162427.0,92753.0
자양4동,104784.0,137849.0,71719.0,111426.0,142993.0,79860.0,114150.0,136172.0,92128.0
구의1동,102738.0,128292.0,77185.0,96222.0,118244.0,74200.0,93362.0,116133.0,70592.0
구의2동,107444.0,132907.0,81981.0,106302.0,123678.0,88926.0,107882.0,124039.0,91725.0
구의3동,120447.0,143766.0,97129.0,128409.0,155674.0,101144.0,128232.0,169405.0,87059.0
동대문구,91638.0,115398.0,67878.0,92873.0,112080.0,73666.0,95424.0,115887.0,74962.0
용신동,91869.0,114112.0,69626.0,86889.0,105762.0,68015.0,85325.0,102489.0,68160.0
제기동,102340.0,129820.0,74860.0,100425.0,119903.0,80947.0,101667.0,128002.0,75333.0
전농1동,82460.0,102139.0,62782.0,80646.0,91516.0,69776.0,90105.0,103778.0,76432.0
전농2동,69071.0,73140.0,65003.0,73308.0,82293.0,64323.0,75339.0,91405.0,59273.0
답십리1동,114600.0,154089.0,75110.0,116804.0,144374.0,89233.0,116965.0,144638.0,89292.0
답십리2동,75245.0,98135.0,52354.0,80386.0,95001.0,65770.0,90691.0,108658.0,72724.0
장안1동,94024.0,114200.0,73847.0,100237.0,109489.0,90984.0,104919.0,110407.0,99431.0
장안2동,80567.0,104151.0,56983.0,80870.0,106374.0,55366.0,82552.0,109079.0,56026.0
청량리동,77790.0,97509.0,58070.0,77386.0,103110.0,51663.0,77770.0,103521.0,52020.0
회기동,102498.0,119745.0,85251.0,108905.0,126293.0,91518.0,112574.0,138108.0,87039.0
휘경1동,102635.0,131827.0,73442.0,110091.0,116694.0,103488.0,116386.0,124545.0,108228.0
휘경2동,87842.0,96603.0,79080.0,88781.0,98878.0,78685.0,88021.0,105486.0,70557.0
이문1동,100289.0,148440.0,52138.0,107422.0,163045.0,51800.0,97268.0,149253.0,45282.0
이문2동,91898.0,121698.0,62097.0,76990.0,105680.0,48301.0,67617.0,99639.0,35595.0
중랑구,89195.0,105403.0,72986.0,85807.0,105518.0,66095.0,84492.0,105420.0,63563.0
면목2동,70202.0,91807.0,48596.0,70590.0,86640.0,54540.0,67155.0,80023.0,54287.0
면목4동,64833.0,74777.0,54888.0,58775.0,66651.0,50900.0,58527.0,69099.0,47956.0
면목5동,70260.0,87177.0,53342.0,70930.0,92019.0,49841.0,73636.0,89343.0,57929.0
면목본동,94272.0,122825.0,65718.0,82819.0,117959.0,47679.0,79692.0,111854.0,47530.0
면목7동,82323.0,110649.0,53998.0,78557.0,104116.0,52997.0,80335.0,107188.0,53482.0
면목3·8동,78177.0,100326.0,56028.0,83388.0,99829.0,66947.0,88788.0,105820.0,71756.0
상봉1동,98437.0,109233.0,87641.0,105231.0,113131.0,97330.0,104969.0,111708.0,98230.0
상봉2동,103789.0,126071.0,81508.0,99447.0,124112.0,74782.0,97816.0,122075.0,73558.0
중화1동,60824.0,79440.0,42209.0,59259.0,77547.0,40970.0,62162.0,82310.0,42015.0
중화2동,84407.0,113369.0,55445.0,87725.0,116248.0,59201.0,82016.0,107641.0,56392.0
묵1동,102973.0,109203.0,96743.0,100186.0,114864.0,85508.0,99705.0,131813.0,67597.0
묵2동,116679.0,87441.0,145917.0,101850.0,85283.0,118417.0,89426.0,86898.0,91953.0
망우본동,91061.0,114811.0,67311.0,89791.0,112654.0,66928.0,86887.0,110879.0,62895.0
망우3동,68148.0,74122.0,62174.0,68344.0,77161.0,59527.0,66106.0,76068.0,56143.0
신내1동,93199.0,117958.0,68439.0,87547.0,120857.0,54237.0,84523.0,114219.0,54827.0
신내2동,113196.0,125045.0,101347.0,108645.0,134311.0,82979.0,123644.0,163698.0,83589.0
성북구,111710.0,126437.0,96983.0,110002.0,127637.0,92367.0,104950.0,126281.0,83619.0
성북동,107945.0,128561.0,87329.0,103315.0,125921.0,80708.0,100397.0,125671.0,75122.0
삼선동,113521.0,141186.0,85855.0,121047.0,150785.0,91308.0,113887.0,153681.0,74092.0
동선동,142904.0,149652.0,136156.0,132087.0,161971.0,102204.0,126550.0,157937.0,95164.0
돈암1동,43810.0,,43810.0,46270.0,,46270.0,46270.0,,46270.0
돈암2동,140423.0,,140423.0,107583.0,111282.0,103885.0,87819.0,111652.0,63986.0
안암동,94040.0,128338.0,59743.0,99820.0,136529.0,63111.0,101340.0,136271.0,66409.0
보문동,88708.0,109509.0,67907.0,96389.0,119686.0,73093.0,97666.0,115729.0,79602.0
정릉1동,106728.0,105868.0,107587.0,91520.0,90475.0,92565.0,90423.0,92889.0,87957.0
정릉2동,184827.0,114283.0,255370.0,153612.0,97733.0,209491.0,145868.0,105515.0,186221.0
정릉3동,99807.0,117549.0,82065.0,107105.0,107105.0,,113404.0,113404.0,
정릉4동,78793.0,103979.0,53607.0,87086.0,126154.0,48017.0,104882.0,127459.0,82305.0
길음1동,169583.0,211884.0,127283.0,163065.0,200730.0,125399.0,151524.0,203091.0,99956.0
길음2동,102642.0,95367.0,109917.0,112072.0,115458.0,108686.0,104945.0,115982.0,93908.0
종암동,89915.0,117490.0,62340.0,91865.0,121703.0,62028.0,79632.0,100495.0,58769.0
월곡1동,93034.0,122829.0,63240.0,119848.0,120592.0,119105.0,98448.0,117445.0,79450.0
월곡2동,85039.0,111694.0,58385.0,86175.0,120245.0,52106.0,88792.0,125783.0,51801.0
장위1동,78824.0,97881.0,59766.0,76848.0,75863.0,77833.0,79901.0,83763.0,76040.0
장위2동,148722.0,143913.0,153530.0,140928.0,108627.0,173229.0,136630.0,113880.0,159380.0
장위3동,113263.0,143239.0,83288.0,156439.0,213145.0,99733.0,158695.0,245063.0,72326.0
석관동,89137.0,105733.0,72542.0,84135.0,90705.0,77564.0,80590.0,86530.0,74650.0
강북구,90963.0,107986.0,73940.0,97359.0,108238.0,86481.0,100569.0,108479.0,92659.0
삼양동,81832.0,87457.0,76207.0,93059.0,88030.0,98087.0,94605.0,91254.0,97957.0
미아동,91645.0,105278.0,78011.0,91805.0,115125.0,68484.0,95103.0,113709.0,76497.0
송중동,113569.0,121859.0,105280.0,127106.0,120075.0,134138.0,129975.0,118373.0,141577.0
송천동,60785.0,83342.0,38228.0,65824.0,91162.0,40485.0,70312.0,98045.0,42579.0
삼각산동,132877.0,155093.0,110662.0,154875.0,155006.0,154745.0,168251.0,164226.0,172276.0
번1동,93936.0,112674.0,75197.0,86454.0,103957.0,68951.0,91829.0,105710.0,77949.0
번2동,64221.0,92016.0,36425.0,71061.0,99725.0,42396.0,78747.0,115099.0,42396.0
번3동,96970.0,149724.0,44217.0,77254.0,106474.0,48034.0,80090.0,110189.0,49990.0
수유1동,90945.0,120527.0,61363.0,94432.0,130792.0,58072.0,94072.0,128515.0,59629.0
수유2동,60328.0,80153.0,40504.0,62506.0,83788.0,41225.0,58677.0,78281.0,39073.0
수유3동,102036.0,126299.0,77773.0,107648.0,123149.0,92147.0,111953.0,123579.0,100327.0
우이동,93477.0,89414.0,97541.0,117234.0,89169.0,145299.0,122311.0,86351.0,158271.0
인수동,63323.0,72844.0,53801.0,67721.0,77470.0,57971.0,63188.0,76243.0,50133.0
도봉구,105693.0,121776.0,89610.0,98336.0,114592.0,82080.0,98219.0,115414.0,81023.0
창1동,106544.0,139297.0,73792.0,101795.0,129472.0,74117.0,97670.0,123558.0,71782.0
창2동,100986.0,125867.0,76105.0,100139.0,112629.0,87649.0,92735.0,105595.0,79874.0
창3동,68033.0,83276.0,52791.0,73578.0,89278.0,57878.0,75344.0,90233.0,60455.0
창4동,168965.0,237628.0,100302.0,155306.0,218548.0,92065.0,182755.0,265659.0,99851.0
창5동,146561.0,161422.0,131700.0,125635.0,142017.0,109253.0,124553.0,158256.0,90851.0
도봉1동,87184.0,100341.0,74027.0,90900.0,102666.0,79133.0,87198.0,96629.0,77767.0
도봉2동,85877.0,101367.0,70388.0,88645.0,105624.0,71666.0,83029.0,105468.0,60589.0
쌍문1동,84700.0,90913.0,78488.0,84203.0,70468.0,97938.0,88691.0,68573.0,108808.0
쌍문2동,97166.0,109481.0,84851.0,99267.0,112085.0,86449.0,95577.0,107396.0,83758.0
쌍문3동,105605.0,128310.0,82900.0,89948.0,109995.0,69900.0,87703.0,109401.0,66005.0
쌍문4동,88473.0,85475.0,91471.0,85668.0,104325.0,67012.0,93738.0,102682.0,84794.0
방학1동,114827.0,134391.0,95263.0,99183.0,119710.0,78656.0,101309.0,120016.0,82602.0
방학2동,86076.0,96180.0,75972.0,80131.0,97314.0,62948.0,75865.0,94961.0,56768.0
방학3동,126627.0,160247.0,93007.0,95263.0,118592.0,71934.0,127123.0,183181.0,71065.0
노원구,115201.0,142752.0,87650.0,113413.0,141069.0,85758.0,125841.0,165247.0,86434.0
월계1동,131244.0,140798.0,121690.0,137072.0,138876.0,135268.0,135545.0,137307.0,133783.0
월계2동,87938.0,130272.0,45604.0,98561.0,147890.0,49232.0,94910.0,141691.0,48129.0
월계3동,122351.0,169844.0,74858.0,116821.0,168083.0,65560.0,111141.0,164387.0,57895.0
공릉1동,91246.0,111637.0,70855.0,93536.0,108572.0,78499.0,97422.0,112788.0,82056.0
공릉2동,110499.0,146480.0,74517.0,104477.0,150331.0,58623.0,103777.0,148279.0,59276.0
하계1동,100168.0,119495.0,80841.0,92869.0,109366.0,76371.0,96071.0,111445.0,80698.0
하계2동,76227.0,,76227.0,59464.0,,59464.0,99659.0,130556.0,68762.0
중계본동,118114.0,156661.0,79567.0,110634.0,133039.0,88229.0,108048.0,121896.0,94200.0
중계1동,141379.0,175858.0,106901.0,145716.0,182285.0,109146.0,149778.0,185146.0,114411.0
중계4동,111126.0,151320.0,70933.0,99437.0,136800.0,62074.0,101887.0,140670.0,63104.0
중계2·3동,146056.0,205001.0,87112.0,136940.0,182491.0,91389.0,133196.0,168271.0,98121.0
상계1동,95010.0,124245.0,65775.0,100453.0,121658.0,79249.0,99634.0,121022.0,78246.0
상계2동,142886.0,157251.0,128520.0,148752.0,179038.0,118466.0,256896.0,396956.0,116836.0
상계3·4동,118803.0,108701.0,128906.0,125555.0,108266.0,142844.0,116174.0,112843.0,119505.0
상계5동,88744.0,112933.0,64555.0,83830.0,100856.0,66803.0,83641.0,98678.0,68604.0
상계6·7동,141868.0,203995.0,79741.0,139095.0,206316.0,71873.0,140280.0,205011.0,75549.0
상계8동,119416.0,150463.0,88369.0,121960.0,153355.0,90566.0,120175.0,152061.0,88289.0
상계9동,157867.0,206033.0,109700.0,134229.0,207726.0,60732.0,145140.0,225569.0,64712.0
상계10동,144222.0,224666.0,63778.0,139719.0,210994.0,68444.0,131559.0,192406.0,70712.0
은평구,100741.0,116360.0,85123.0,102171.0,118275.0,86068.0,102342.0,119952.0,84732.0
녹번동,94833.0,100425.0,89240.0,95820.0,108483.0,83157.0,95849.0,107596.0,84102.0
불광1동,109700.0,142201.0,77198.0,118045.0,140559.0,95530.0,119602.0,142709.0,96494.0
불광2동,101363.0,104315.0,98410.0,110740.0,119382.0,102099.0,114403.0,121905.0,106901.0
갈현1동,93943.0,117068.0,70819.0,95822.0,123725.0,67919.0,100897.0,131201.0,70592.0
갈현2동,110580.0,133770.0,87391.0,100082.0,125299.0,74865.0,98435.0,124256.0,72615.0
구산동,80501.0,101468.0,59534.0,104026.0,125149.0,82902.0,103817.0,130015.0,77619.0
대조동,109920.0,122133.0,97707.0,110249.0,119256.0,101242.0,110674.0,122944.0,98404.0
응암1동,97519.0,127320.0,67718.0,99349.0,118851.0,79846.0,100169.0,122574.0,77763.0
응암2동,113814.0,105190.0,122438.0,108257.0,110908.0,105606.0,116297.0,127882.0,104712.0
응암3동,81118.0,107447.0,54788.0,84346.0,116962.0,51730.0,83137.0,116662.0,49612.0
역촌동,88540.0,99302.0,77778.0,87164.0,102443.0,71885.0,89151.0,106875.0,71428.0
신사1동,108851.0,141060.0,76642.0,103488.0,136936.0,70040.0,103674.0,132459.0,74888.0
신사2동,91375.0,94915.0,87836.0,91311.0,88952.0,93670.0,99923.0,98232.0,101614.0
증산동,85559.0,91264.0,79853.0,89267.0,94835.0,83700.0,80778.0,82111.0,79445.0
수색동,99899.0,102623.0,97174.0,107192.0,108941.0,105444.0,102877.0,101868.0,103886.0
진관동,121905.0,135824.0,107986.0,124000.0,131006.0,116993.0,121001.0,128273.0,113728.0
서대문구,134820.0,140348.0,129292.0,127105.0,132129.0,122082.0,120123.0,127904.0,112341.0
천연동,111808.0,151558.0,72059.0,94064.0,118338.0,69790.0,88544.0,107298.0,69790.0
북아현동,113392.0,109049.0,117736.0,116879.0,129064.0,104695.0,105095.0,124833.0,85357.0
충현동,150277.0,153495.0,147059.0,141343.0,137901.0,144785.0,127345.0,139830.0,114861.0
신촌동,163720.0,196979.0,130461.0,169498.0,202587.0,136409.0,167190.0,195698.0,138682.0
연희동,121217.0,131373.0,111061.0,120163.0,124787.0,115538.0,113705.0,124213.0,103198.0
홍제1동,140097.0,177015.0,103180.0,102704.0,125250.0,80159.0,105147.0,125132.0,85161.0
홍제3동,78180.0,99322.0,57037.0,71501.0,92458.0,50544.0,71915.0,89788.0,54042.0
홍제2동,102353.0,74868.0,129838.0,87178.0,75604.0,98751.0,78103.0,89485.0,66721.0
홍은1동,127727.0,80486.0,174967.0,92777.0,78741.0,106813.0,83823.0,77599.0,90047.0
홍은2동,136161.0,110199.0,162124.0,132054.0,118323.0,145785.0,104939.0,110109.0,99769.0
남가좌1동,116899.0,165422.0,68376.0,110054.0,167877.0,52231.0,171347.0,171347.0,
남가좌2동,159053.0,177115.0,140991.0,124574.0,133449.0,115699.0,116166.0,122164.0,110167.0
북가좌1동,133907.0,163206.0,104608.0,190010.0,188188.0,191832.0,186170.0,158208.0,214132.0
북가좌2동,122643.0,96020.0,149265.0,107185.0,98826.0,115543.0,96783.0,103059.0,90506.0
마포구,144081.0,168276.0,119886.0,145170.0,169681.0,120658.0,145210.0,170141.0,120279.0
아현동,151362.0,186562.0,116162.0,166482.0,226338.0,106626.0,169110.0,230433.0,107788.0
공덕동,144970.0,161404.0,128535.0,148601.0,157824.0,139377.0,138664.0,152033.0,125294.0
도화동,146769.0,205025.0,88513.0,139961.0,196443.0,83478.0,140688.0,194779.0,86596.0
용강동,170977.0,217202.0,124751.0,165130.0,208410.0,121850.0,167378.0,213939.0,120816.0
대흥동,129549.0,176609.0,82489.0,128268.0,164923.0,91613.0,131267.0,170061.0,92473.0
염리동,129254.0,166861.0,91648.0,123594.0,150124.0,97063.0,135881.0,170372.0,101391.0
신수동,133235.0,106965.0,159505.0,129651.0,110970.0,148331.0,127819.0,107988.0,147650.0
서강동,144470.0,165851.0,123090.0,140305.0,165011.0,115599.0,142219.0,167894.0,116543.0
서교동,158666.0,182271.0,135060.0,161695.0,186478.0,136912.0,160023.0,183919.0,136127.0
합정동,135133.0,180167.0,90099.0,133188.0,173258.0,93119.0,134538.0,170138.0,98939.0
망원1동,144848.0,182919.0,106777.0,137712.0,168112.0,107312.0,138265.0,174153.0,102376.0
망원2동,118904.0,169377.0,68432.0,114603.0,165497.0,63710.0,105495.0,151034.0,59955.0
연남동,136184.0,145950.0,126418.0,135277.0,145909.0,124645.0,142213.0,160652.0,123774.0
성산1동,112803.0,97998.0,127609.0,121929.0,115355.0,128504.0,124241.0,120808.0,127674.0
성산2동,104027.0,141739.0,66315.0,105692.0,133410.0,77974.0,97151.0,119491.0,74811.0
상암동,156751.0,175851.0,137651.0,176250.0,200631.0,151869.0,175805.0,201450.0,150160.0
양천구,108209.0,129875.0,86542.0,109589.0,133197.0,85982.0,110045.0,133152.0,86938.0
목1동,134545.0,187190.0,81899.0,139471.0,199392.0,79549.0,137432.0,187471.0,87394.0
목2동,108785.0,120757.0,96812.0,131953.0,137226.0,126680.0,127676.0,141303.0,114050.0
목3동,123524.0,127761.0,119287.0,104614.0,122399.0,86829.0,114721.0,125772.0,103671.0
목4동,96195.0,114756.0,77634.0,102658.0,132195.0,73122.0,102712.0,130527.0,74897.0
목5동,160888.0,232079.0,89696.0,151783.0,216206.0,87359.0,151749.0,213990.0,89509.0
신월1동,104983.0,118155.0,91812.0,101178.0,122468.0,79888.0,93756.0,115182.0,72330.0
신월2동,74753.0,81801.0,67704.0,69422.0,78482.0,60363.0,81759.0,100819.0,62700.0
신월3동,51250.0,67950.0,34549.0,80468.0,66532.0,94405.0,83773.0,75031.0,92516.0
신월4동,94996.0,102998.0,86995.0,95071.0,101666.0,88476.0,88529.0,102917.0,74141.0
신월5동,77253.0,83788.0,70719.0,67604.0,85111.0,50097.0,69302.0,85128.0,53477.0
신월6동,103902.0,116549.0,91255.0,115240.0,117137.0,113344.0,107870.0,110669.0,105071.0
신월7동,62397.0,83601.0,41194.0,69719.0,105183.0,34256.0,80508.0,126933.0,34083.0
신정1동,92673.0,122247.0,63100.0,100267.0,120732.0,79802.0,101479.0,121975.0,80984.0
신정2동,99056.0,106873.0,91238.0,92829.0,96931.0,88727.0,79370.0,99362.0,59378.0
신정3동,120136.0,157397.0,82874.0,116639.0,148046.0,85232.0,122765.0,153402.0,92128.0
신정4동,119026.0,134888.0,103164.0,125043.0,144257.0,105829.0,119716.0,128322.0,111111.0
신정6동,129746.0,170394.0,89097.0,142740.0,190644.0,94837.0,154402.0,210612.0,98193.0
신정7동,111886.0,125891.0,97881.0,110285.0,126711.0,93859.0,107827.0,128772.0,86882.0
강서구,129606.0,155766.0,103446.0,130326.0,154714.0,105939.0,130283.0,154107.0,106459.0
염창동,115769.0,159916.0,71622.0,113922.0,155522.0,72322.0,112955.0,152329.0,73582.0
등촌1동,135963.0,157493.0,114432.0,139953.0,149941.0,129966.0,139157.0,136205.0,142110.0
등촌2동,110776.0,143831.0,77720.0,104544.0,146617.0,62471.0,111950.0,125553.0,98346.0
등촌3동,120427.0,154571.0,86282.0,131762.0,172011.0,91513.0,133433.0,174209.0,92658.0
화곡1동,123619.0,140243.0,106995.0,109952.0,134593.0,85311.0,116131.0,143211.0,89051.0
화곡2동,110347.0,94258.0,126435.0,76298.0,90322.0,62275.0,75985.0,94822.0,57148.0
화곡3동,110750.0,131020.0,90480.0,115920.0,131739.0,100102.0,117915.0,127933.0,107898.0
화곡4동,93620.0,122177.0,65064.0,124955.0,125661.0,124249.0,139478.0,130411.0,148546.0
화곡본동,113442.0,129444.0,97439.0,139415.0,134207.0,144623.0,129780.0,120857.0,138704.0
화곡6동,116542.0,149551.0,83532.0,101776.0,134317.0,69235.0,101171.0,143373.0,58970.0
화곡8동,142343.0,136722.0,147964.0,144446.0,136259.0,152633.0,154771.0,160706.0,148837.0
가양1동,174502.0,234594.0,114410.0,178256.0,244388.0,112124.0,179626.0,246762.0,112490.0
가양2동,95958.0,,95958.0,70487.0,,70487.0,60731.0,,60731.0
가양3동,126492.0,,126492.0,118624.0,,118624.0,129337.0,,129337.0
발산1동,141248.0,179739.0,102756.0,141808.0,172289.0,111326.0,138185.0,167962.0,108408.0
우장산동,106549.0,107100.0,105997.0,107345.0,116573.0,98116.0,116487.0,121673.0,111301.0
공항동,112262.0,124053.0,100471.0,98717.0,104486.0,92948.0,89867.0,104320.0,75415.0
방화1동,122926.0,137858.0,107994.0,138380.0,158354.0,118406.0,145636.0,167536.0,123737.0
방화2동,93920.0,97899.0,89942.0,83788.0,86859.0,80718.0,74332.0,81855.0,66810.0
방화3동,130222.0,169680.0,90764.0,126679.0,157409.0,95950.0,111442.0,125471.0,97413.0
구로구,130869.0,149241.0,112497.0,134996.0,158658.0,111335.0,143653.0,171356.0,115949.0
신도림동,156431.0,161574.0,151288.0,134295.0,144970.0,123620.0,124069.0,150071.0,98066.0
구로1동,142798.0,156147.0,129448.0,190251.0,227864.0,152638.0,224843.0,234849.0,214836.0
구로2동,112400.0,128389.0,96411.0,121684.0,142182.0,101187.0,122390.0,146466.0,98314.0
구로3동,178435.0,229851.0,127019.0,171432.0,215347.0,127516.0,191932.0,246084.0,137779.0
구로4동,124059.0,126447.0,121671.0,133808.0,145346.0,122270.0,155764.0,175140.0,136388.0
구로5동,129466.0,151576.0,107357.0,134174.0,167970.0,100377.0,143286.0,185766.0,100806.0
가리봉동,127507.0,124848.0,130166.0,146273.0,158456.0,134090.0,174531.0,176286.0,172776.0
고척1동,101922.0,112649.0,91195.0,124334.0,155878.0,92791.0,139723.0,175298.0,104148.0
고척2동,90238.0,99077.0,81398.0,105327.0,94625.0,116030.0,115881.0,95250.0,136511.0
개봉1동,120777.0,137023.0,104532.0,140079.0,141456.0,138702.0,137144.0,144194.0,130095.0
개봉2동,128014.0,114019.0,142010.0,125328.0,134181.0,116474.0,138278.0,144617.0,131939.0
개봉3동,89793.0,98960.0,80626.0,109319.0,137091.0,81547.0,119227.0,156475.0,81978.0
오류1동,144476.0,185321.0,103632.0,131282.0,156904.0,105660.0,127152.0,145828.0,108477.0
오류2동,153903.0,178187.0,129619.0,147322.0,192309.0,102335.0,160436.0,205705.0,115166.0
수궁동,133891.0,124701.0,143080.0,129669.0,118025.0,141312.0,120464.0,117743.0,123185.0
항동,171705.0,223020.0,120390.0,189295.0,271031.0,107560.0,209215.0,281292.0,137138.0
금천구,115814.0,138293.0,93334.0,118866.0,135522.0,102209.0,122249.0,137100.0,107398.0
가산동,138065.0,169205.0,106925.0,134328.0,152916.0,115741.0,136104.0,150319.0,121888.0
독산1동,110055.0,137865.0,82246.0,119653.0,163886.0,75420.0,124706.0,172145.0,77267.0
독산2동,69290.0,102132.0,36447.0,115271.0,116876.0,113667.0,136994.0,114653.0,159334.0
독산3동,76565.0,95585.0,57546.0,76884.0,93979.0,59788.0,86043.0,99781.0,72306.0
독산4동,91242.0,137298.0,45187.0,112668.0,168997.0,56340.0,119019.0,178971.0,59067.0
시흥1동,106432.0,155444.0,57420.0,106081.0,146792.0,65371.0,101331.0,145104.0,57558.0
시흥2동,40177.0,,40177.0,43117.0,,43117.0,43117.0,,43117.0
시흥3동,90882.0,102927.0,78838.0,107972.0,110813.0,105130.0,107061.0,104915.0,109207.0
시흥4동,85352.0,79787.0,90916.0,87636.0,80752.0,94520.0,91590.0,80013.0,103168.0
시흥5동,87763.0,102211.0,73315.0,79190.0,92388.0,65991.0,103671.0,126769.0,80573.0
영등포구,116223.0,129352.0,103093.0,125447.0,136844.0,114051.0,124336.0,137502.0,111170.0
영등포본동,99232.0,97770.0,100695.0,90841.0,91307.0,90375.0,85257.0,89617.0,80897.0
영등포동,120205.0,146381.0,94029.0,127221.0,135946.0,118496.0,126650.0,132392.0,120909.0
여의동,167718.0,224605.0,110832.0,166424.0,224482.0,108366.0,169178.0,228854.0,109501.0
당산1동,105630.0,121290.0,89970.0,120042.0,135984.0,104101.0,119684.0,139375.0,99994.0
당산2동,129073.0,150108.0,108038.0,134197.0,156488.0,111905.0,132509.0,155608.0,109409.0
도림동,88523.0,105159.0,71887.0,111196.0,146667.0,75724.0,110164.0,156403.0,63924.0
문래동,115814.0,113842.0,117785.0,117983.0,107231.0,128734.0,111928.0,110459.0,113396.0
양평1동,133832.0,109317.0,158346.0,156758.0,107602.0,205913.0,148317.0,111570.0,185064.0
양평2동,121764.0,119523.0,124005.0,138396.0,125979.0,150812.0,133888.0,125671.0,142105.0
신길1동,73909.0,92908.0,54911.0,72669.0,92301.0,53038.0,74979.0,95833.0,54126.0
신길3동,88566.0,95647.0,81484.0,109095.0,117732.0,100457.0,109560.0,114723.0,104397.0
신길4동,111958.0,99245.0,124671.0,112566.0,82510.0,142623.0,116383.0,90806.0,141960.0
신길5동,87504.0,108828.0,66179.0,115863.0,188132.0,43595.0,135778.0,225181.0,46374.0
신길6동,126610.0,132160.0,121060.0,199279.0,248060.0,150498.0,184062.0,238486.0,129637.0
신길7동,125733.0,118733.0,132733.0,108866.0,128298.0,89434.0,113196.0,124009.0,102384.0
대림1동,92154.0,92958.0,91350.0,124911.0,105017.0,144806.0,121210.0,102802.0,139618.0
대림2동,85346.0,113456.0,57236.0,105680.0,138092.0,73268.0,107244.0,141669.0,72819.0
대림3동,77128.0,99184.0,55072.0,78834.0,103769.0,53899.0,80283.0,102162.0,58405.0
동작구,140897.0,175471.0,106323.0,129239.0,154805.0,103674.0,131339.0,156082.0,106595.0
노량진1동,134310.0,169045.0,99575.0,133934.0,167334.0,100534.0,129956.0,154390.0,105523.0
노량진2동,217288.0,295771.0,138806.0,179409.0,219172.0,139647.0,208780.0,256006.0,161553.0
상도1동,117952.0,150618.0,85286.0,111479.0,143103.0,79856.0,109973.0,138878.0,81068.0
상도2동,130848.0,175891.0,85806.0,132377.0,173999.0,90754.0,139598.0,177780.0,101416.0
상도3동,127433.0,173090.0,81775.0,134942.0,171800.0,98085.0,130147.0,171981.0,88314.0
상도4동,109007.0,107463.0,110551.0,100219.0,109684.0,90753.0,98473.0,105390.0,91556.0
흑석동,140974.0,156266.0,125682.0,143281.0,138968.0,147593.0,143397.0,143193.0,143600.0
사당1동,133594.0,150635.0,116553.0,132252.0,147225.0,117279.0,137636.0,148025.0,127247.0
사당2동,156901.0,191353.0,122448.0,155438.0,193424.0,117451.0,147686.0,184864.0,110509.0
사당3동,101568.0,121465.0,81672.0,111139.0,136463.0,85815.0,108562.0,132018.0,85107.0
사당4동,209297.0,190217.0,228377.0,135329.0,135329.0,,96348.0,129548.0,63147.0
사당5동,126932.0,118853.0,135011.0,119953.0,104386.0,135519.0,128702.0,109211.0,148193.0
대방동,118537.0,137373.0,99702.0,117381.0,141816.0,92946.0,116079.0,141536.0,90623.0
신대방1동,94773.0,114329.0,75217.0,95126.0,118390.0,71863.0,97306.0,123946.0,70667.0
신대방2동,151317.0,215302.0,87332.0,145261.0,184832.0,105691.0,149471.0,190478.0,108464.0
관악구,119153.0,140018.0,98289.0,122687.0,139992.0,105382.0,121066.0,138647.0,103485.0
보라매동,99453.0,131434.0,67471.0,106046.0,129891.0,82201.0,105304.0,126299.0,84309.0
청림동,90105.0,122080.0,58131.0,88824.0,118628.0,59019.0,89292.0,118658.0,59926.0
성현동,100447.0,127621.0,73272.0,116585.0,129544.0,103626.0,122443.0,143677.0,101208.0
행운동,136075.0,139685.0,132465.0,133807.0,132112.0,135502.0,134282.0,131649.0,136915.0
낙성대동,140621.0,179451.0,101791.0,145655.0,190056.0,101254.0,144701.0,189629.0,99773.0
청룡동,139198.0,165883.0,112512.0,145972.0,155736.0,136209.0,145116.0,155919.0,134313.0
은천동,96925.0,137104.0,56746.0,100876.0,139781.0,61971.0,101527.0,141949.0,61104.0
중앙동,98735.0,134789.0,62680.0,107549.0,145400.0,69699.0,109099.0,150292.0,67906.0
인헌동,107979.0,131038.0,84920.0,108551.0,135003.0,82099.0,112021.0,137179.0,86864.0
남현동,120699.0,101342.0,140057.0,117385.0,107239.0,127532.0,102090.0,99675.0,104506.0
서원동,170957.0,197994.0,143920.0,149937.0,165758.0,134117.0,153749.0,177504.0,129994.0
신원동,127957.0,139148.0,116766.0,162663.0,157259.0,168067.0,160949.0,154469.0,167429.0
서림동,128939.0,92523.0,165354.0,156647.0,96534.0,216760.0,149220.0,96110.0,202330.0
신사동,104105.0,130506.0,77704.0,105405.0,129249.0,81562.0,99606.0,121361.0,77851.0
신림동,149958.0,205777.0,94139.0,147454.0,196834.0,98074.0,138909.0,181010.0,96807.0
난향동,48416.0,50548.0,46285.0,57111.0,65289.0,48932.0,57111.0,65289.0,48932.0
조원동,95540.0,106928.0,84151.0,100082.0,109931.0,90232.0,104460.0,115382.0,93538.0
대학동,100485.0,148228.0,52743.0,108222.0,155961.0,60484.0,104111.0,148494.0,59727.0
삼성동,85423.0,67769.0,103078.0,74296.0,76017.0,72575.0,84661.0,96747.0,72575.0
미성동,101321.0,96557.0,106084.0,97923.0,97661.0,98185.0,93144.0,96244.0,90044.0
난곡동,97655.0,105052.0,90259.0,108105.0,110723.0,105487.0,109346.0,107395.0,111298.0
서초구,142327.0,157421.0,127233.0,143048.0,159680.0,126416.0,142364.0,159953.0,124775.0
서초1동,132927.0,155594.0,110259.0,140713.0,150739.0,130687.0,140759.0,151057.0,130461.0
서초2동,195318.0,224859.0,165778.0,179622.0,210975.0,148268.0,186890.0,225819.0,147961.0
서초3동,136010.0,150628.0,121392.0,139349.0,152243.0,126455.0,139523.0,159052.0,119994.0
서초4동,195493.0,245148.0,145837.0,175858.0,215046.0,136671.0,181688.0,237406.0,125970.0
잠원동,116485.0,132872.0,100099.0,129946.0,136218.0,123674.0,141754.0,148056.0,135451.0
반포본동,,,,75343.0,67011.0,83675.0,67011.0,67011.0,
반포1동,136942.0,163839.0,110045.0,136983.0,164090.0,109876.0,141481.0,160202.0,122760.0
반포2동,247391.0,,247391.0,317357.0,361341.0,273373.0,317831.0,361341.0,274321.0
반포3동,212956.0,250532.0,175380.0,214290.0,243450.0,185130.0,199268.0,202231.0,196306.0
반포4동,180530.0,223511.0,137549.0,173721.0,220476.0,126965.0,159835.0,194735.0,124935.0
방배본동,112683.0,146753.0,78612.0,118123.0,148733.0,87513.0,116908.0,148667.0,85149.0
방배1동,141119.0,167888.0,114350.0,141433.0,168831.0,114034.0,139449.0,167216.0,111683.0
방배2동,111548.0,125464.0,97633.0,130969.0,150067.0,111871.0,137812.0,154252.0,121371.0
방배3동,106056.0,143593.0,68518.0,82448.0,110254.0,54643.0,83233.0,112398.0,54068.0
방배4동,117037.0,136401.0,97673.0,122200.0,141908.0,102493.0,125724.0,143208.0,108240.0
양재1동,125664.0,145726.0,105601.0,128571.0,157374.0,99767.0,119614.0,153891.0,85337.0
양재2동,124151.0,113162.0,135141.0,124828.0,120725.0,128931.0,117514.0,109931.0,125097.0
내곡동,148124.0,136082.0,160167.0,143966.0,157595.0,130337.0,148375.0,169170.0,127579.0
강남구,181017.0,199480.0,162554.0,190833.0,210901.0,170764.0,197473.0,224285.0,170660.0
신사동,157018.0,180804.0,133231.0,175201.0,192516.0,157887.0,194399.0,225196.0,163601.0
논현1동,183480.0,205202.0,161758.0,174862.0,191549.0,158175.0,198149.0,242951.0,153348.0
논현2동,166481.0,172159.0,160802.0,181140.0,196201.0,166079.0,186698.0,213465.0,159932.0
압구정동,188933.0,255426.0,122440.0,175351.0,239623.0,111080.0,184213.0,263566.0,104861.0
청담동,213499.0,261560.0,165438.0,244252.0,324154.0,164350.0,240003.0,310855.0,169151.0
삼성1동,212407.0,156496.0,268319.0,215780.0,181247.0,250313.0,259058.0,210700.0,307416.0
삼성2동,198288.0,248137.0,148439.0,207072.0,235760.0,178384.0,201274.0,228209.0,174340.0
대치1동,180757.0,,180757.0,201615.0,222147.0,181084.0,197821.0,,197821.0
대치2동,204678.0,246576.0,162781.0,215699.0,272696.0,158701.0,197375.0,229849.0,164900.0
대치4동,178699.0,214321.0,143077.0,192477.0,235607.0,149347.0,186366.0,245211.0,127521.0
역삼1동,187929.0,198838.0,177019.0,207376.0,208652.0,206101.0,198929.0,205870.0,191989.0
역삼2동,196439.0,223828.0,169050.0,224887.0,275952.0,173822.0,230806.0,274001.0,187612.0
도곡1동,198249.0,154251.0,242246.0,202242.0,202242.0,,264773.0,231177.0,298368.0
도곡2동,166247.0,192043.0,140451.0,139582.0,157669.0,121495.0,135967.0,156242.0,115693.0
개포1동,,,,,,,,,
개포2동,207416.0,119525.0,295308.0,205179.0,171881.0,238478.0,245653.0,246592.0,244714.0
개포4동,107445.0,106712.0,108179.0,114566.0,94542.0,134590.0,119470.0,108924.0,130015.0
세곡동,155307.0,205322.0,105292.0,173935.0,238740.0,109130.0,193591.0,236656.0,150526.0
일원본동,,,,,,,,,
일원1동,53745.0,,53745.0,64003.0,,64003.0,63599.0,61399.0,65799.0
일원2동,149906.0,,149906.0,101788.0,,101788.0,87900.0,,87900.0
수서동,213139.0,,213139.0,193704.0,,193704.0,153604.0,,153604.0
송파구,130984.0,153919.0,108050.0,129781.0,154757.0,104805.0,132591.0,155179.0,110003.0
풍납1동,93763.0,119311.0,68215.0,130096.0,130096.0,,132466.0,132466.0,
풍납2동,82763.0,113858.0,51667.0,66945.0,88492.0,45398.0,72827.0,95254.0,50400.0
거여1동,131580.0,188449.0,74711.0,112898.0,166574.0,59222.0,111991.0,170079.0,53902.0
거여2동,142293.0,189274.0,95313.0,99103.0,156746.0,41460.0,97500.0,153750.0,41250.0
마천1동,76775.0,90118.0,63431.0,73974.0,93409.0,54539.0,73675.0,99345.0,48005.0
마천2동,134876.0,145311.0,124441.0,99782.0,110166.0,89398.0,98023.0,110384.0,85662.0
방이1동,119454.0,142384.0,96524.0,132646.0,134307.0,130985.0,133333.0,130787.0,135879.0
방이2동,133549.0,153351.0,113746.0,145377.0,186379.0,104375.0,155887.0,195547.0,116227.0
오륜동,335333.0,335333.0,,334461.0,334461.0,,157185.0,,157185.0
오금동,78773.0,97763.0,59782.0,87947.0,90331.0,85564.0,88561.0,92653.0,84468.0
송파1동,104603.0,142900.0,66307.0,106107.0,142827.0,69388.0,114187.0,148454.0,79921.0
송파2동,110654.0,124657.0,96651.0,103760.0,110686.0,96833.0,104937.0,117576.0,92298.0
석촌동,126992.0,160267.0,93718.0,125014.0,160642.0,89385.0,125754.0,161852.0,89656.0
삼전동,109574.0,138049.0,81098.0,116291.0,156474.0,76107.0,125108.0,161963.0,88254.0
가락본동,115140.0,133034.0,97247.0,117336.0,127036.0,107637.0,116342.0,123975.0,108708.0
가락1동,143516.0,107915.0,179117.0,147864.0,129240.0,166488.0,147809.0,122122.0,173496.0
가락2동,85138.0,119365.0,50911.0,82886.0,118038.0,47734.0,96943.0,141025.0,52861.0
문정1동,93194.0,100411.0,85977.0,91911.0,106155.0,77668.0,91339.0,105158.0,77521.0
문정2동,151471.0,195984.0,106958.0,153969.0,192828.0,115109.0,156959.0,191207.0,122712.0
장지동,113977.0,167497.0,60456.0,110306.0,160403.0,60209.0,99916.0,131871.0,67961.0
위례동,139634.0,189987.0,89281.0,148382.0,204121.0,92644.0,154659.0,213934.0,95385.0
잠실본동,134534.0,171377.0,97691.0,139660.0,181299.0,98021.0,142553.0,184347.0,100759.0
잠실2동,313840.0,412407.0,215273.0,317892.0,436274.0,199511.0,326200.0,435848.0,216552.0
잠실3동,250910.0,289553.0,212266.0,235140.0,301542.0,168738.0,243579.0,320851.0,166307.0
잠실4동,200608.0,,200608.0,293017.0,407703.0,178332.0,281388.0,378370.0,184407.0
잠실6동,184372.0,207500.0,161244.0,171097.0,240098.0,102097.0,175266.0,231603.0,118928.0
잠실7동,,,,88130.0,124475.0,51785.0,86528.0,124475.0,48582.0
강동구,119185.0,140386.0,97985.0,117589.0,142569.0,92608.0,118656.0,143714.0,93598.0
강일동,144443.0,201817.0,87068.0,138408.0,185695.0,91121.0,140179.0,189082.0,91276.0
상일동,164386.0,139345.0,189428.0,159188.0,146778.0,171597.0,164134.0,175134.0,153134.0
명일1동,125631.0,150706.0,100557.0,130926.0,167091.0,94760.0,133391.0,176562.0,90220.0
명일2동,132136.0,167823.0,96449.0,144703.0,189288.0,100118.0,130096.0,170980.0,89212.0
고덕1동,121124.0,133568.0,108680.0,112807.0,132082.0,93532.0,111931.0,135288.0,88574.0
고덕2동,167929.0,186486.0,149372.0,165504.0,190176.0,140832.0,161216.0,185840.0,136592.0
암사1동,97133.0,133310.0,60956.0,90793.0,124041.0,57545.0,98687.0,127824.0,69550.0
암사2동,155884.0,216442.0,95326.0,149759.0,219455.0,80063.0,152234.0,226088.0,78379.0
암사3동,168296.0,180288.0,156305.0,165607.0,204837.0,126377.0,155894.0,193129.0,118658.0
천호1동,92148.0,101171.0,83124.0,91223.0,100756.0,81689.0,88963.0,96175.0,81751.0
천호2동,117274.0,138671.0,95877.0,114197.0,134590.0,93804.0,119966.0,131566.0,108366.0
천호3동,120087.0,136581.0,103593.0,122993.0,131420.0,114566.0,124115.0,125893.0,122337.0
성내1동,101195.0,120784.0,81606.0,103955.0,126910.0,81000.0,98742.0,121186.0,76298.0
성내2동,124759.0,138906.0,110612.0,115398.0,141403.0,89392.0,112928.0,139056.0,86800.0
성내3동,118674.0,131230.0,106118.0,109435.0,124472.0,94398.0,110335.0,127454.0,93217.0
길동,110481.0,140377.0,80584.0,106774.0,139363.0,74186.0,114030.0,146998.0,81063.0
둔촌1동,,,,,,,,,
둔촌2동,96593.0,122431.0,70754.0,102695.0,136985.0,68406.0,100855.0,140110.0,61599.0
