행정동_코드,행정동_코드_명,직장비율,유동/등록비율,유동/직장비율,등록인구밀도,직장인구밀도,유동인구밀도,집객시설밀도,프랜차이즈비율,상권변동성,유동1인당매출,등록1인당지출,전체_임대시세
11110515,청운효자동,0.508540305263097,310.44339551655685,610.4597655360802,8.408587893341206,7.732592522856894,14.14636722601846,4.057750077667275,0.030126545872878916,4.998666666666667,8.871921558145024,12.34588549069456,11.859067936644356
11110530,사직동,4.366799318608013,420.4734457534678,96.28870371068491,8.992269790013394,10.466204217554278,15.033527038811092,5.576945920219581,0.07022306148943704,4.298,10.159850119394296,15.499434110882547,12.038423323142117
11110540,삼청동,1.5733161031699983,373.731684160557,237.5439261109342,7.444177436651463,7.897149858948446,13.367132112285526,4.068365975925026,0.060491493383742906,4.450666666666667,10.649825565832293,14.002624770544632,12.005052148153725
11110550,부암동,0.1424224841855002,113.71517625914552,798.435562400636,8.329150441916134,6.381645407551505,13.06260802709732,4.190599891561139,0.06408824350740018,4.681333333333334,8.840351003624338,12.025904719185178,11.578724441400166
11110560,평창동,0.7306636354366898,47.43880452720743,64.92564050878907,7.587827893834931,7.274212543225928,11.446772423925756,3.443246530961266,0.058574938574938576,4.1306666666666665,9.245441240851065,11.826997230758877,11.578334856789823
11110570,무악동,0.05981893278818474,235.24379823939256,3932.597712372716,9.981500980604428,7.165794529100758,15.442077344230544,5.096034754667488,0.10592643051771118,4.769333333333334,8.345165024921073,12.621740492150566,12.00078743064226
11110580,교남동,0.07719321942324575,396.9512392787195,5142.307086614173,10.256069135241196,7.6950455138029685,16.2398475297675,5.944070480371283,0.1863879771981344,4.742666666666667,7.818465265611372,12.282797724061226,12.154078228220397
11110600,가회동,3.0141910592971564,327.5955212614275,108.6843915388083,8.904017625661064,10.00725833578294,14.695661869610126,5.2268246869108435,0.0670224776762804,4.947333333333333,9.977875722937299,13.349454683965027,11.975148906897001
11110615,종로1234가동,13.277088368346037,1610.869841048522,121.32704071541797,8.17794436139014,10.76372456738974,15.562193303815627,5.683254514194499,0.05069812777700419,3.5366666666666666,10.612393644735125,16.644343686742207,12.199839593693074
11110630,종로56가동,3.3494692046164167,1050.2818419409302,313.56665124533043,9.165214662017258,10.373943163874662,16.121923968255352,6.180955032851453,0.04798586101107109,3.8933333333333335,9.76565658107208,14.231639938053787,12.53581826146124
11110640,이화동,0.2194698033707865,539.8748858848314,2459.9050875929925,9.18070009011706,7.664525739737881,15.471934687146245,5.58188690506564,0.172112557748845,5.153333333333334,9.088092170218333,13.885509918838222,11.878162383702444
11110650,혜화동,0.24240468556994352,469.97895240871054,1938.8195871861672,9.739074758607536,8.322112238191199,15.891703858830967,5.377440739640559,0.12972972972972974,5.634666666666666,8.699082980795557,13.073590600172055,11.845453743928735
11110670,창신1동,0.32770286895329953,535.6180306087299,1634.4624394639036,9.784049812153746,8.668517427481735,16.067414850179333,6.199007999425132,0.02956333062110117,4.163333333333334,10.177785137099612,12.997351365243619,12.204130761292832
11110680,창신2동,0.008378772751708778,611.3402273250903,72962.97983501374,10.426306426283515,5.647754611394623,16.841930473043043,5.191642960432021,0.05697714090754009,5.8646666666666665,7.788084608847328,11.675279268977771,11.577215830319698
11110690,창신3동,0.015219410617861117,172.150581318199,11311.251509054324,10.31298754814007,6.129949759743814,15.461324107927437,5.1181426493078135,0.08816029143897997,4.228,6.062276131121437,10.918119760764618,11.909047805769259
11110700,숭인1동,0.03737028766583476,354.4363479136565,9484.44258933802,10.144144540761378,6.8582771716725635,16.014634120632874,5.607699714021719,0.09979633401221995,4.564666666666667,7.442115501944536,11.717341602421714,11.608426535644641
11110710,숭인2동,0.13587871982032568,496.4884402514947,3653.908727636,10.332163342290047,8.336377883563229,16.539691039545673,5.783671772955631,0.07857872464614037,5.402,8.595296208232755,12.049532600210512,11.882009628407545
11140520,소공동,26.139864436721137,780.2798632846252,29.85018782991439,8.210584970439594,11.47378509315726,14.869966174599051,5.883680594610974,0.08298926507018992,3.728666666666667,10.876889627454013,20.013770605240055,12.309399394485801
11140540,회현동,15.357192322266211,875.8937059830399,57.034755286165954,8.645380930941641,11.37680035563054,15.42044992209434,5.821173423596117,0.046008968609865475,3.1126666666666667,10.82089556904438,18.36885481911286,12.711471571370062
11140550,명동,34.79465776293823,1560.4789232053422,44.84823313501583,8.195562752497915,11.744758632706326,15.548035071473954,6.573166969362159,0.10825320974149345,4.237333333333334,10.654691816370113,17.08898227793556,12.406386368194207
11140570,필동,2.8664787904690674,477.1302890266054,166.45170744435487,8.134137576666102,9.187030919507983,14.301634392920707,4.862561768569368,0.10443850267379677,4.935333333333334,9.601508339550136,13.786350345045618,12.018401203586652
11140580,장충동,0.9574805277770952,403.91593159537086,421.85289400413154,8.581477104352453,8.538035538215404,14.582496769625696,4.52571921403611,0.06443525134762443,3.8613333333333335,9.262808461725312,12.91684209663392,12.020965211782093
11140590,광희동,7.840043389778443,910.1366298045539,116.0882133625888,9.150745230650115,11.20989699272213,15.964233931858764,5.856831103925081,0.04382739581155696,3.4446666666666665,10.116601064977559,14.232144804408023,12.387871009927297
11140605,을지로동,5.600734122861693,1779.7438188240183,317.7697387132276,8.460263061194832,10.182986813757116,15.944276152314242,5.808014961127015,0.043356865593716654,4.066,10.720900812170635,17.700832562888586,12.226319945186773
11140615,신당동,0.4922386927385105,633.3413338886864,1286.6549160635227,9.726546651844385,9.017816677614297,16.177496575131308,5.59217545299463,0.010945812751093716,3.6819999999999995,9.471507366820996,13.21247423087076,12.870474612795313
11140625,다산동,0.45290631576401147,303.7894197044097,670.7555384648252,10.177354696003665,9.3853306403138,15.893651561827769,5.3957969892577635,0.08571428571428572,4.4046666666666665,9.184257529327088,12.34889037122409,12.022249962609951
11140635,약수동,0.7080466780515573,126.80489143693583,179.09114662593245,10.425610028979579,10.080377002025687,15.268230216731501,5.528787434237922,0.09029089535323007,4.739333333333333,9.44875108516502,11.91234236475397,12.311169026307454
11140645,청구동,0.4141355892059994,246.05422229545,594.1392836273669,10.539994266957253,9.658469845346088,16.04551984473282,4.970063561060221,0.06388329979879276,5.367333333333333,8.028086407532555,11.52860925340198,12.085782344308775
11140650,신당5동,0.06125056413320535,356.0625663452431,5813.212847654629,10.398377319761918,7.606062168677779,16.27345338657387,5.6547200577061485,0.0796197266785502,5.723333333333333,8.90461293219914,12.354593096959428,12.091587665305125
11140665,동화동,0.11355800610590588,327.6693599326245,2885.480039399734,10.341170109956131,8.165980525573145,16.133142982383465,5.28163765221934,0.06696948520847892,5.268,8.707015588776288,11.924298577853255,12.157849720450226
11140670,황학동,0.05876892420597312,429.3777064955894,7306.203274892491,10.639207529024876,7.805449098457947,16.70152059281312,5.779327027453537,0.058914293729835886,4.712666666666667,9.179815118885864,12.51541975864335,12.061623970896337
11140680,중림동,0.25403810005978383,160.79623415863716,632.9610956813026,10.148587026886876,8.77843090323946,15.2286860752155,5.447691701522723,0.0948235947772942,4.3,9.588037467950338,12.242763141378264,12.301009422294927
11170510,후암동,0.11027260250264634,248.54006930776754,2253.869625520111,9.859022234529755,7.654644136160226,15.374574247297952,4.921990989146895,0.05836605836605837,5.548666666666667,8.558332981965245,11.68651009148217,11.523860789106052
11170520,용산2가동,0.04234739283231888,452.18359631287314,10677.955974842767,8.560031318136984,5.402506716964278,14.673928394210169,3.996084197903698,0.07662753468516542,6.597333333333333,7.978637701983999,16.25459991918624,11.484115069269297
11170530,남영동,2.2681749243926737,288.9488652170402,127.39267245642841,8.749631072515351,9.568517947539279,14.415722824340406,5.212463058732391,0.12439418416801293,4.757333333333333,10.256566900364056,15.644938214215301,11.85592445118545
11170555,청파동,0.16363050082310812,386.2226397162398,2360.334031695984,10.006204027544749,8.19629018292823,15.96257301423131,5.5001573175651854,0.1193759436336185,6.122666666666667,8.596527094651252,11.903088754130152,11.631862797132957
11170560,원효로1동,0.15356627398233297,288.5118069776404,1878.7445934309262,10.307537572245428,8.434098490908001,15.972240317364669,5.537191880338192,0.05051221434200158,3.8233333333333333,10.145125141032159,11.925423164444702,11.555467579235897
11170570,원효로2동,0.21199866001854611,293.5093968626956,1384.4870379700455,9.87143681394832,8.320453374219998,15.553295015354076,5.077577347439758,0.04988793290434531,3.510666666666667,9.446209535325393,11.169344439929105,11.43169877889302
11170580,효창동,0.1221033258513595,348.6503596943375,2855.3715245951726,10.087095536528153,7.984507021540153,15.941123627266007,5.416616951361302,0.07497202536367029,5.497333333333334,8.01606137690574,11.353755180073307,11.84165014760484
11170590,용문동,0.2635644987423644,229.85264798952164,872.0925962574488,10.632215712197603,9.298825957668846,16.069630133455092,5.6673124089204245,0.07428835917611663,4.9126666666666665,9.25496549455747,11.646064007077204,11.645984996285712
11170625,한강로동,2.076402550064453,245.2254719986905,118.10112253574265,8.98071238250004,9.711284012179036,14.482765155718084,4.845292705249964,0.06332320800615082,3.9086666666666665,11.675958998296613,14.054434784658804,11.819780554790743
11170630,이촌1동,0.20882955971737507,184.71664748025705,884.5330504467286,9.097319663954618,7.531506902423585,14.316031314073374,3.9611612021639706,0.08227205250410188,3.954,8.880229256394065,11.52749119137325,12.342980954947611
11170640,이촌2동,0.2565910535648567,206.07579711599587,803.1293151220784,8.796711111952952,7.4368774736536,14.12480465312498,3.531642698291423,0.06694915254237288,5.106,8.252175492649155,10.942341465970783,11.438348459760775
11170650,이태원1동,2.539864317105432,332.19901864573114,130.79400202933806,9.50327491985635,10.435340347319432,15.308934777646336,5.208664426216135,0.055589002608870154,5.372666666666667,10.277888295538508,13.808906035319762,12.047997943454725
11170660,이태원2동,0.08548641850125772,282.7300014949723,3307.30900243309,9.37015882320622,6.9116724130832,15.014566275120153,4.758136050792305,0.04797785637398124,5.586666666666666,8.662170166583744,12.117942705783346,11.906541988347476
11170685,한남동,1.914361119962317,272.30758440586857,142.24462749809126,8.75614529906672,9.405454021795276,14.362920627007645,4.5040560157945855,0.052419802419802417,5.086666666666666,9.786053028452162,13.334324687083955,11.876821540335294
11170690,서빙고동,0.6302174750096261,135.70173569960545,215.3252505375747,8.460691659244949,7.999125502962015,13.37094092849277,3.6148357508279023,0.07387450026073353,3.8393333333333333,7.780440842512216,11.742462033961527,11.32687054785111
11170700,보광동,0.031966171380378695,305.6611925525497,9562.020703554415,9.675265879612535,6.2340893204468495,15.39768053963592,5.0055011086542,0.0574225736609244,5.425333333333334,8.336062376145094,11.466544613860137,11.475436797625878
11200520,왕십리2동,0.07086056534671495,274.87195321826755,3879.0539120502576,10.697260636145943,8.050515816132512,16.31354347592457,5.502663340814788,0.09773765741669452,6.038,7.92917748574003,11.655184231994497,11.82946803765502
11200535,왕십리도선동,0.11349245372022733,211.51404304387,1863.6837614356089,10.534936333542092,8.359125087465829,15.889201261524606,5.870367744482792,0.10017522398915595,5.814,8.868737089649901,12.554014070660411,12.026900524054195
11200540,마장동,0.29406131407701736,234.2412026076922,796.5726581305499,9.982896498579125,8.75904037986361,15.439201876419402,5.083536965808264,0.023951929229142903,3.0946666666666665,8.553699620498035,12.20849221443481,11.814298881752046
11200550,사근동,0.0263703056104607,303.3205868937206,11502.353873873875,9.392769584101107,5.760324627706627,15.107476819727374,5.333303282739984,0.19992404101785038,5.530666666666667,9.118714930994447,12.878516986551734,12.15101789978103
11200560,행당1동,0.10651225592023264,359.0634749027458,3371.100084216125,10.111345934296805,7.87219136675389,15.994804613663138,5.836919009134842,0.12021508811159026,5.726666666666667,8.974482135761937,13.08925292976322,12.032251656319001
11200570,행당2동,0.00030549275982159224,200.13906321372565,655135.2095238095,10.821123665007478,2.790851962470345,16.120116232492126,5.539136914323147,0.12713850480431216,4.768666666666666,7.139487715180723,11.088498120394117,11.99988494452675
11200580,응봉동,0.03707304889253633,197.32317154759463,5322.550409047161,10.20350827753898,6.9096048690117335,15.488314273783756,5.140368411914604,0.07003546099290779,4.133333333333333,6.804436366525138,10.366493846078443,11.909522478618326
11200590,금호1가동,0.10846923946391086,227.2730053644796,2095.2761030475954,10.41664224759083,8.195599566376837,15.84276441029132,5.78976580685973,0.09180512531681218,5.564,7.441898044500997,11.341799783811876,11.787087046123512
11200615,금호23가동,0.013535643862170382,286.9511349584208,21199.666442199778,10.45632853835737,6.155993969340137,16.115611812335388,5.761607223502659,0.09158071830882891,5.314,7.984877802680243,11.6271384246058,11.891215314604793
11200620,금호4가동,0.03944522560482835,204.1052744675782,5174.39744197063,9.7495844692827,6.518161357786702,15.068162346483382,5.034242184666363,0.10326695010069366,5.111333333333333,8.610682499765577,12.190768934446483,12.019770376202738
11200645,옥수동,0.12865874689134557,113.99031941019199,885.9896599681535,9.501244130022162,7.4511585528101305,14.237283551682678,4.644547067214684,0.09624137424754076,4.618,8.234514378228218,11.817587451655283,12.085481169895495
11200650,성수1가1동,0.15941779600196418,198.52450402279794,1245.309551390059,9.038823784740705,7.203222652865374,14.329618203812029,4.270037146362917,0.06540072285009466,5.1113333333333335,8.816228941554378,12.212395524763531,11.884659121877334
11200660,성수1가2동,0.4959749074014601,450.1084955145909,907.5227169713582,9.502446381092849,8.801292315652303,15.611860530118436,4.781378371005879,0.06063183092380863,6.023999999999999,9.373838942078882,13.681907358461945,12.174555834306199
11200670,성수2가1동,0.5154395553619285,336.9834096839919,653.7787140673958,9.456082027298475,8.793420314657201,15.276037743644176,4.990405351733358,0.06177430684682451,5.244666666666667,9.677560044104604,12.963083838153176,11.805296029247023
11200690,성수2가3동,2.88610086100861,540.15827668803,187.15848915247548,9.186739704731817,10.246579198756864,15.478499702513881,5.016179247818712,0.06881127450980391,5.261333333333333,9.963036009660478,14.165413160732497,12.055939053059358
11200720,송정동,0.0755949969286265,306.8272123691399,4058.8296161825724,9.613228556272361,7.0316803756559985,15.339446696190096,4.641038551056687,0.036776102578554314,5.441999999999999,7.742756995084795,11.246983239900507,11.834128383305103
11200790,용답동,0.23188540552826378,258.6499713307195,1115.421519269325,8.599714827172892,7.138812689916603,14.155007049647125,3.8909347432024477,0.05460374185410973,4.341333333333333,9.193615801083785,13.573041720498043,11.731019488852311
11215710,화양동,0.03458231404558335,343.2802964613558,9926.469813699397,10.069294263742437,6.706063240212244,15.90779933004758,5.37650168355958,0.1502765087761481,7.0840000000000005,9.184315695938812,13.396089814801924,11.902336165754283
11215730,군자동,0.0501477314121504,288.9453098000878,5761.881976780282,10.27555308529874,7.283423683625887,15.941756169293981,5.630381215778969,0.10217411162875674,6.511333333333333,8.830209171281647,12.501571970622063,11.653884371856881
11215740,중곡1동,0.23720668437682554,246.89269861033526,1040.8336479174532,10.144210674855115,8.705513622777822,15.65312535397676,5.165493656787692,0.05939542049620146,5.750666666666667,9.538897411514249,12.527530944659867,11.424774529839878
11215750,중곡2동,0.1048498933616427,222.82404511647331,2125.171881176077,10.554070442439288,8.299067595925786,15.960426896754086,5.61357645829236,0.06951786847113556,5.596,9.035868953734418,12.025436899563823,11.384172731582755
11215760,중곡3동,0.0419932038469737,299.903215424676,7141.708370657908,10.184984830492294,7.015597782389464,15.888407030306356,5.4817046640182925,0.09066762383345299,6.045999999999999,8.305068023630447,11.889604385223578,11.273501775105474
11215770,중곡4동,0.10932840882318644,231.72520233882503,2119.533292701509,9.401796925505495,7.189070420444016,14.847266899873095,4.232126060813391,0.07121412273327729,6.201333333333334,8.55272443832386,11.675469678573325,11.550099855062657
11215780,능동,0.1181560044828207,197.86511471259428,1674.609052486731,9.260425253482074,7.125385424921519,14.547916174561612,4.102942272935647,0.1096958174904943,5.634,9.333205753213292,13.126157766606772,11.694729109893203
11215810,광장동,0.20903808127675436,178.5423356282171,854.1139228686152,9.565817833935332,8.000844146809099,14.750573887652543,4.513433907376371,0.10313651077129145,5.113333333333333,8.756064492706102,11.833533636810833,11.78479416246723
11215820,자양1동,0.42277823944568643,352.64403843677945,834.1111380262583,10.597933935585033,9.737060529307138,16.463368197003895,5.5718637999889085,0.0967207523266579,5.511333333333334,8.516804200378848,12.397928754379073,11.478222902916201
11215830,자양2동,0.09359018023786493,216.70429274007876,2315.459722262657,9.59985121884088,7.231677233145387,14.97831750828502,4.426682710213813,0.0785920925747348,5.568,8.167953665019,11.857010688186858,11.44273258805039
11215840,자양3동,0.06689310631389753,247.1572169182305,3694.808486818346,10.04614620167079,7.342091390804802,15.556127663529784,4.903290686561764,0.09735479887923255,4.446666666666667,8.74940160740377,12.012842868104526,11.664670396160579
11215847,자양4동,0.022596581686805405,382.92431638170865,16946.116969776263,9.857970311089232,6.070274556491199,15.805755480224846,4.852937402187505,0.07248244046382113,6.259333333333333,8.53262129403786,12.697812722694582,11.671674129275436
11215850,구의1동,0.13244840317880646,315.77237775059416,2384.116155211768,10.648515157198126,8.627108499546464,16.403513126481865,5.293909332111073,0.09260444672043698,5.8773333333333335,8.898582697971923,12.072571711927504,11.56613189481321
11215860,구의2동,0.08901518519741773,202.7956565813108,2278.2141735879213,9.8472175224637,7.428810393307509,15.15936374197394,4.743448337894241,0.09435840019904213,6.002,8.61453338235643,11.990021935489313,11.573903279308801
11215870,구의3동,0.34607105686441475,231.49783565143343,668.9315129353064,10.21935814535309,9.158315874352768,15.663892368734942,5.22522968304326,0.08805853148680427,4.356,9.816227877624462,12.81106189212485,11.680861826978916
11230536,용신동,0.5152656467315716,399.70339545665274,775.722965410265,10.00849199121177,9.34546164657327,15.99916984749493,5.322547518269612,0.07331153926410239,5.022666666666667,8.91283080694296,12.78743082736527,11.425427424124408
11230545,제기동,0.21987729745057097,480.24069290851446,2184.1304149032208,9.993617369680866,8.479093839398713,16.16785919493554,5.7657687366159145,0.024388199798860206,4.126,10.978524911816523,12.782060324318515,11.501989888922372
11230560,전농1동,0.015146135308837032,348.6501681853422,23019.084477736164,10.245792136782297,6.058088361971181,16.09982576745897,5.292922926201096,0.09744988070523347,5.228666666666666,8.231859982561124,12.07836636428556,11.470151566724727
11230570,전농2동,0.04798155559422307,135.29777855112812,2819.7872469023873,9.842324647654884,6.806440130364252,14.74975000187394,5.158353899727302,0.12780722891566268,5.106,8.754996487276202,11.310973467774238,11.375717225784355
11230600,답십리1동,0.06840480226187379,240.49046182267455,3515.695592569744,10.493410175406789,7.81147535026283,15.976063000753491,5.378374567908274,0.09840328704426068,5.3373333333333335,8.578939310291078,12.00906446427058,11.619609504383954
11230610,답십리2동,0.12038846109642569,228.296872007049,1896.3351630867144,10.367055828932369,8.250254014233724,15.797671366658227,5.175303476581438,0.05439957002457003,4.06,8.455688161977369,12.072132563496144,11.328561022906392
11230650,장안1동,0.27894914793423287,235.40832058168434,843.9112373169392,10.257704225940753,8.981069136159713,15.71899082899661,5.373324484692194,0.07952708631598393,4.981333333333334,9.7554340834421,12.543488951280729,11.440938114502949
11230660,장안2동,0.15200782990977,225.33139001120296,1482.3669948117602,10.406676427880335,8.52302180798381,15.824218494732863,5.49228949923908,0.10807276185946973,5.463333333333333,9.41789874281157,12.510027718447255,11.357410966676316
11230705,청량리동,0.12047249301318705,331.39540662729223,2750.7972844142714,9.674409034837918,7.5585341104142625,15.477658594941405,5.239870187007829,0.05523337649907101,5.021333333333333,9.030567245913602,12.302778427798332,11.367561292701831
11230710,회기동,0.004790200110733211,377.77505338922725,78864.14860681116,9.774831066325792,4.44539297149609,15.709073271899797,5.161475557311399,0.1377519088747027,7.033333333333333,8.779870989402664,13.467244774783442,11.581939580675964
11230720,휘경1동,0.04352761512768372,353.4401638206303,8119.906472795497,10.351073739451508,7.217416033802122,16.218756074083608,5.433977320126585,0.09951682631177418,6.3533333333333335,8.115127565801249,12.259749619811554,11.523291550969406
11230730,휘경2동,0.03944588055942202,187.76472194604628,4760.059080521576,10.024852542656035,6.793104708009009,15.259998192076809,4.813203752491532,0.11121613106490233,6.0953333333333335,8.07773230116643,11.301491839787115,11.404737251436718
11230740,이문1동,0.050748256298305254,426.7269822254924,8408.70235456234,9.956662214423583,6.97667062386467,16.01275933653455,5.3994135291099665,0.12668852459016394,6.028,7.953909508977883,11.936854501913393,11.536059139470579
11230750,이문2동,0.012633376587576396,190.9302575756557,15113.161255987226,10.21815734462239,5.849593040386603,15.470029251427983,4.945378013897458,0.07792887029288703,5.73,7.675837085751193,11.178852882036043,11.407659759632576
11260520,면목2동,0.06054893324769285,239.22069107420415,3950.8654941219693,10.355186143772109,7.551376413661783,15.83254096849734,5.380897158682038,0.05849997135163009,5.7379999999999995,8.399395286366799,11.782355046784284,11.114893661274106
11260540,면목4동,0.0358310646327586,272.56490644310963,7606.944120603014,9.99649890995488,6.668784064138667,15.60433029143972,4.645792121136408,0.07774569564752433,6.324,7.839183645137612,10.852509815751247,11.142021191163188
11260550,면목5동,0.06390770253836238,164.61033199575496,2575.7510512436747,9.9409860510338,7.191375841737201,15.044519239262975,4.5348223124769245,0.0806103159600324,5.442666666666667,8.120419075021982,11.998632129818398,11.235954709875537
11260565,면목본동,0.02643156035703489,291.3106454153474,11021.318510158013,10.583612507025245,6.951348466140197,16.25797747377221,5.64784397364488,0.06958258131408164,5.984,8.663228090583761,11.750881831790053,11.389574456885367
11260570,면목7동,0.02818986054933612,311.02432738924745,11033.198509262304,9.767365221270168,6.200545391783106,15.507179244974635,4.76637216078172,0.06679814237546917,6.004,8.783003567570582,12.100612466743437,11.379063350996763
11260575,면목38동,0.06820871726970573,257.93099954062745,3781.4961175818084,9.63467461954452,6.950385019351784,15.187301556050121,4.935595836364963,0.08668855998920329,6.102,8.715380413842404,11.970044149094765,11.384015756842095
11260580,상봉1동,0.07258128990257776,204.49067750151332,2817.402084972463,10.215893711518655,7.593312957571071,15.53637969319973,4.892486527142701,0.10277405237523822,6.194,7.935895481677069,12.018344432674475,11.421820630293835
11260590,상봉2동,0.20291567661916562,348.584651450194,1717.879353917152,10.338423573043205,8.743585928558261,16.192272403066895,5.523326162722712,0.09623074644549764,6.856666666666667,9.150522169247402,12.968772135770337,11.51819754311131
11260600,중화1동,0.0551167528049171,280.3115964719086,5085.778501212817,10.293490262449897,7.395768876741893,15.929358358856565,5.150252188392087,0.07276972468138924,5.4559999999999995,8.206509919185955,11.25278572489816,11.140977334598666
11260610,중화2동,0.019774141507259736,319.73436817916837,16169.317290552584,10.093228732401666,6.171896648393419,15.860678053875487,5.1762381725987865,0.07899568302485983,5.696666666666667,8.529898345616479,11.913735925897695,11.367851907577885
11260620,묵1동,0.02799093608130822,212.93108201511177,7607.14401964223,10.218874515632551,6.644265818263941,15.5798067656868,5.110323112499568,0.1033957581227437,5.772666666666666,8.677020595648953,11.752792627877716,11.527075545374572
11260630,묵2동,0.06880730627946663,306.13361582737974,4449.144028164574,10.223922275104758,7.547967958315991,15.94790776100519,5.266652955483297,0.06244947453516572,6.338666666666667,8.496161815099164,12.118773356321075,11.439586017938229
11260655,망우본동,0.037571798383684823,290.872509017375,7741.777650539173,9.44264239187515,6.163169354287242,15.115448448443875,4.807570257755312,0.0984214808787632,6.4286666666666665,8.737449121240147,12.065461944620681,11.35996929365575
11260660,망우3동,0.016226408852572906,261.96777048149926,16144.531600407747,9.726149349266663,5.608647219460245,15.294311356417671,4.394386562484419,0.07603686635944701,5.264666666666667,8.166117877170725,11.33024013697299,11.07039691512464
11260680,신내1동,0.04945706258971898,140.61033738738345,2843.079027030877,9.583265754123392,6.577938153542503,14.529189869983169,4.520819296280656,0.1206066097572607,5.355333333333334,8.834238077910435,11.783294028036073,11.428210358622932
11260690,신내2동,0.05177153071721277,94.01550785004807,1815.969250814332,9.984685511422947,7.024614635290301,14.528099645966629,5.129280316036682,0.11568594765794299,6.0280000000000005,9.747749582300097,12.087275179711757,11.639429473268251
11290525,성북동,1.0935250931756844,255.30122252923792,233.46626805592794,8.659539586389403,8.74893125899054,14.201810899590235,4.475154981790691,0.05988707733299499,4.961333333333333,8.76671997928238,12.164871048536641,11.54247002762819
11290555,삼선동,0.19395060899615602,441.39772279510703,2275.8254025583146,10.11298309264972,8.472999855760973,16.202888968793786,5.621525161156877,0.07276198557488332,5.523999999999999,8.672776976234209,12.44856989609056,11.560814270657174
11290575,동선동,0.1563539365648314,508.68851748426624,3253.44234152583,10.001740550248135,8.146352043323933,16.233531196641337,5.643310341349593,0.13215859030837004,6.4126666666666665,9.02804653155461,13.38902624180069,11.771586985297878
11290580,돈암1동,0.011473174182798153,187.17039874516522,16313.7415821501,10.28527606645491,5.820468907466673,15.517261541444917,4.927564510499089,0.058843479735458705,5.0326666666666675,8.14913391964526,11.106671132059898,11.64527581953469
11290590,돈암2동,0.02477812329762121,117.78319071182132,4753.515401351196,10.721763758947382,7.024837466853208,15.490587454009507,5.63053991292431,0.08788441145281019,5.556,7.893306226887413,10.428477871715954,11.617981703571255
11290600,안암동,0.12043196710286119,416.2875117695663,3456.6197147142357,9.439481803255196,7.323392142349043,15.47077862512789,5.3832743303115205,0.16822012613718815,6.122,8.622436065884322,12.710623110045105,11.585326123350026
11290610,보문동,0.22020149894573884,336.32118480412515,1527.333766637983,10.305719002425937,8.792625173399712,16.123752270536343,5.261028997862742,0.0733461570628084,5.559333333333333,7.789776891460929,12.03028507261255,11.407188582198888
11290620,정릉1동,0.030395103031738514,265.3642157153008,8730.492390113235,10.68476640143551,7.192022590905691,16.265846877720573,5.422870123552715,0.08877848579760234,5.237333333333334,7.751707465883417,11.302570121047635,11.540758507099383
11290630,정릉2동,0.05139477893377551,257.1390904955464,5003.214253083599,9.940205337245963,6.972875843542604,15.489774472772444,5.091663504255627,0.10365521003818876,5.523333333333333,7.8277548433612125,11.907193240896309,11.680751354279652
11290640,정릉3동,0.018324062473217894,178.3604330845233,9733.673051224945,8.499192758375276,4.510502712636369,13.682796654784354,4.122495575613045,0.0852475752935171,5.402666666666667,8.281904894108091,11.732347040607872,11.404916259443162
11290650,정릉4동,0.03829536102568545,139.20604127864164,3635.0627739290258,8.838886897787683,5.580094731934876,13.774698091843621,4.1004683372660535,0.09396574912579575,5.708666666666666,8.775667374472956,11.820864014981414,11.439755309339347
11290660,길음1동,0.10986075987703865,185.2152278268244,1685.908854391013,10.69589616569284,8.487538034547576,15.917392192532985,5.429404102376238,0.11912589441113904,5.747333333333334,7.550453716549458,11.713887032282,11.980738780562717
11290685,길음2동,0.016294347917361292,231.47510156954272,14205.852406214475,10.511241459531826,6.395946944184259,15.955686663289113,5.591008974812912,0.09578258788491198,6.141333333333333,8.41198339351252,12.465891250777991,11.745189960387192
11290705,종암동,0.38888141068784493,275.2298862565621,707.7476029768086,10.247457829551259,9.30303269428133,15.865029208698697,5.307174709717007,0.10317933660595495,5.021333333333333,8.178258534785114,11.906676260496564,11.440006324337736
11290715,월곡1동,0.05340796907061967,299.11193809988987,5600.511371334559,10.378971015542428,7.4497263951324415,16.079757917990044,5.288606322529398,0.1004622921410336,5.346,7.7503119541589385,11.565700997734202,11.448497159980857
11290725,월곡2동,0.16141456105700472,312.8757610842471,1938.3366595641442,9.571115530883231,7.747698333203337,15.316852220011098,5.032996768852031,0.12161770670374879,5.8293333333333335,8.471336934347265,12.492894071306713,11.400368002194663
11290760,장위1동,0.018350974710740542,296.0458844764326,16132.433788553017,10.416762036501991,6.420289033790151,16.107246667954456,5.4303359122042725,0.08508724590753733,5.917333333333334,7.408634932231527,11.050464457309122,11.3254329618476
11290770,장위2동,0.05140730402419168,357.4730024424285,6953.739536199094,9.9151563227913,6.948092813375921,15.794166881511602,5.31074975731761,0.047992076355123356,4.362666666666668,7.9205084561490375,11.90186867133069,11.6712696255678
11290780,장위3동,0.01917590403352367,180.29568821661195,9402.200172748866,10.113408587476888,6.16137883848994,15.307966494491122,5.322033266166902,0.11401255707762557,5.67,7.92531773276049,11.367690574206616,11.696203786141364
11290810,석관동,0.05462061949897796,296.60324186235954,5430.243094696307,9.925679107694176,7.019181340721112,15.618025728464998,4.876727605068638,0.09259756534192626,5.304666666666667,8.28121030106946,11.972945796970324,11.304389698544048
11305534,삼양동,0.0072035926778671894,483.71214979369455,67148.73694620254,10.139292091268599,5.21154536249296,16.320742673354495,5.507956288893801,0.08938077892967218,5.900666666666666,7.4472653697948035,11.763510135219999,11.426479746147667
11305535,미아동,0.08157718992319964,363.00616505274616,4449.8488535152555,10.151666427914334,7.64589993901483,16.0460473413427,5.470444151232127,0.08217382536801775,6.054666666666666,8.681072711029744,12.361560321422537,11.457780552087788
11305545,송중동,0.036182809293086676,415.913677439048,11494.786766557541,10.211164451126814,6.892971946960776,16.241605513764853,5.689228853893196,0.10475612801940985,6.370666666666667,8.757830041037598,12.533093044750347,11.635507043257666
11305555,송천동,0.020954623287671233,495.5142818921233,23647.01455566905,10.19602052290577,6.332366632242999,16.40157945554077,5.506080145538605,0.08899706966632007,5.492666666666667,8.128709658465151,12.052066366841922,11.214875161023635
11305575,삼각산동,0.011145077337183161,99.65931633669179,8942.003121342177,10.805766644516728,6.310807207378347,15.407504098498077,5.590685522989944,0.10609313077939234,6.187333333333333,8.342561344773909,11.275545850830323,11.769069913603834
11305595,번1동,0.10685972540216426,383.3527523175252,3587.4390550301846,10.258127497090141,8.022182300083594,16.207048106292273,5.7223022857835195,0.08956781631007163,6.328666666666667,9.082181503131801,12.790283010082577,11.40240424836569
11305603,번2동,0.03696802036073918,198.78001549186678,5377.080340038315,9.646010916148061,6.34999246399345,14.938145319872621,5.218852119114791,0.06103646833013436,4.774666666666667,7.596807122183735,11.052589078054334,11.144053582730331
11305608,번3동,0.019448045177040185,206.42539940870748,10614.197855340622,9.621136827567739,5.684465929396558,14.9510099196284,4.912934396314817,0.12098178939034045,5.389333333333333,8.314049884615958,11.648942076190401,11.327430076897999
11305615,수유1동,0.04893553381081196,303.3173677100419,6198.3050779151,9.416840563315409,6.401168728987671,15.131539161129318,4.895824704610523,0.06494211287988423,5.539333333333333,9.13362351519023,12.273319934444807,11.29838232387519
11305625,수유2동,0.0612481605952924,267.27142545029267,4363.746157477837,10.482246976058697,7.689855034031088,16.070483767630783,5.325942249168347,0.07056245434623815,5.768666666666666,8.386748209364852,11.467250096185007,11.131151492532032
11305635,수유3동,0.11687041018000062,428.0263110077407,3662.4010333197793,10.37299536017828,8.226542026234648,16.432148835248736,5.681415279822853,0.10251916107183175,7.212666666666667,9.078995919239928,12.95931216445014,11.514886208123073
11305645,우이동,0.08049739088869119,206.9626990028282,2571.048536082474,7.548481388875553,5.034951606520675,12.880495466548014,2.999656992364268,0.07887804122113745,5.794,8.88675185034752,12.000723003471938,11.355957375524762
11305660,인수동,0.09065180841373496,287.53882164205146,3171.903866823306,9.191641733116297,6.791933874032168,14.85289807776932,4.5332555839772795,0.07286811941050511,5.676,7.807547209283405,11.298354187819617,11.097667563599199
11320511,창1동,0.037424960244749284,159.08629503073124,4250.807321914283,9.980193952726822,6.695966883302142,15.04959472570375,4.8343607743055035,0.09358484429628426,5.8853333333333335,8.881623369987484,11.785853655223248,11.583211810669725
11320512,창2동,0.03493530542348201,368.46164560903264,10546.970783354553,10.680861364884453,7.327238642188509,16.590175070158452,5.458678512842695,0.07190995124749067,5.532,7.596881106700938,11.567608685806587,11.537684416823517
11320513,창3동,0.04193479032604837,289.4758876205619,6903.00071539287,9.920456463671693,6.749939461821649,15.58847947738419,5.063452615292698,0.0733598826241878,5.256666666666667,8.347402753574176,11.42538747930621,11.25462094856243
11320514,창4동,0.06410721396378688,138.44105793642538,2159.523856622883,10.04562303375036,7.29905768292936,14.97602463152748,5.202216595298101,0.1099530335199125,5.8406666666666665,8.686261165071667,11.735514049880095,12.011371982795259
11320515,창5동,0.20088452633476134,172.34268602087926,857.9191696113074,10.442191238691573,8.837282258619405,15.591647087630475,5.529024645249774,0.11028774901356944,8.742666666666667,9.556679773830014,12.366522924044158,11.813886480708884
11320521,도봉1동,0.07103258472093284,182.80320777450768,2573.5119803494463,7.782026676731213,5.142850995036032,12.990021913701717,3.120294191601482,0.08775699848995239,5.240666666666667,9.460928544192285,12.26189906654142,11.356181982288396
11320522,도봉2동,0.031869634388707886,125.98449214441469,3953.1200956937796,10.062309761719742,6.6175031395953345,14.898426263173187,5.206240176724395,0.056806227645697455,4.990666666666667,8.208565077929455,11.390963751801623,11.451254295714012
11320660,쌍문1동,0.03464505081923434,233.86779144477435,6750.395393125964,9.800781041408197,6.439723359213299,15.255481830364142,5.209528593463873,0.08709933174764979,5.112,7.852047177615934,11.258188745930083,11.418647751988553
11320670,쌍문2동,0.05008851247621916,244.09659979873516,4873.305030063059,10.420537812327694,7.427139472753308,15.91807216794514,5.454547208512601,0.10095068736748512,5.371333333333334,8.7235003544697,12.311577913603935,11.52281572801276
11320680,쌍문3동,0.059372064672142615,325.15100025980774,5476.498114985862,10.405519050413751,7.582066966860963,16.18977856866421,5.450062289256464,0.09133035639059736,5.062666666666667,8.678196878357527,11.9920882911009,11.604194155614833
11320681,쌍문4동,0.013569258686492822,138.97313698192357,10241.763400108282,10.395418999178311,6.097690575123681,15.329669301821014,5.2387370176059855,0.10720809329773781,4.890666666666666,8.6129927647818,11.382520519944919,11.491880906797055
11320690,방학1동,0.14865767742886557,235.80915741944995,1586.2561658296281,10.201325365362782,8.295428847008335,15.664311223898038,5.367310557643362,0.107979215602534,5.716666666666667,8.996261266351038,12.599679757005607,11.625100508898361
11320700,방학2동,0.028553184696429524,156.6234626367974,5485.323766927569,9.752541866542117,6.198531398517071,14.806328687050705,4.517341874652784,0.05914110429447853,6.242,9.81348128882149,11.634729279141025,11.278814490740034
11320710,방학3동,0.041067699125174564,132.40504493687467,3224.067765113974,9.505505972872648,6.314709284279372,14.391297838063538,4.52432934804115,0.09142452161587528,4.812666666666667,8.245150295690214,11.132407064229287,11.550779218618906
11350560,월계1동,0.06237695930623738,217.2869184380373,3483.4483895131084,9.869227620661599,7.095445777871961,15.250394799768735,5.447424125817258,0.13767579570688382,5.417999999999999,8.533559405509962,12.341484750672569,11.644793141052247
11350570,월계2동,0.0016936993864871794,147.47650963259153,87073.60397553517,9.460438359045614,3.124475822137078,14.454029918008812,4.76406905255041,0.09995039682539682,5.567333333333333,7.181070977761614,11.076338198317009,11.492426795492882
11350580,월계3동,0.005237050924612755,89.65376890100336,17119.132540730952,10.116427342209096,4.872077103633088,14.61234262124228,5.187603960220006,0.11823590518462557,4.488,8.069847173971793,12.313388593869917,11.646207326464449
11350595,공릉1동,0.23353487622053634,295.0383070397475,1263.3586546667702,10.279426115459325,8.825114937817014,15.966497101294902,5.510150144428871,0.10150462962962964,5.926,8.674600941135484,12.675559354851742,11.43503887564649
11350600,공릉2동,0.03151410002896835,191.71236633625958,6083.383823749813,8.710229186970361,5.257963562876709,13.966061299916827,4.161213366727411,0.14285084431903355,6.316666666666666,8.510578567917477,12.083372504126691,11.591766219818558
11350611,하계1동,0.02398253115104761,137.889017352489,5749.5606482915255,9.77763117521286,6.049506697592548,14.70402401842192,4.954370559654852,0.11342097217976155,5.6593333333333335,9.649706956245119,12.3746747254223,11.465384420326068
11350612,하계2동,0.00026454859820736833,128.7431296099168,486652.0952380952,10.653376987986745,2.5013937232818733,15.511172726113305,5.379851566579972,0.08808510638297873,4.979333333333333,6.816388300638444,10.295749575558801,11.708575578375507
11350619,중계본동,0.03346229022819009,174.7567514428137,5222.498228635618,9.265003436895823,5.870398350688377,14.428304309071423,4.162143117383337,0.087746486399829,5.524,9.265583311547449,12.418029222274992,11.559765792936012
11350621,중계1동,0.0442412627230559,146.34787252577436,3307.949717481879,10.65371133788026,7.5361239486322065,15.639674362050874,5.265158823688884,0.13895038416460478,5.324,7.976685518558191,11.976392522148224,11.861821632523748
11350624,중계4동,0.06419392986557165,151.8345417748403,2365.247650249745,9.451465074042328,6.706763236500981,14.47417840113229,4.322396899692505,0.09997057525378843,5.970666666666666,9.544184857015203,12.576838309280916,11.588261730082252
11350625,중계23동,0.03491590507015384,133.84922223399835,3833.4742280077057,10.479814530019816,7.125778041378123,15.376500600840886,5.459282566901681,0.09829675903678788,4.954666666666666,9.42902561282202,12.493098812931086,11.878315984366004
11350630,상계1동,0.09747838267816242,195.73738877459692,2008.0081695738575,8.836499964487194,6.509719987805586,14.113129273624677,3.8943650606154576,0.10564272914025963,5.366,8.789123834567803,12.289571356692575,11.441637819645537
11350640,상계2동,0.0907930237039892,542.8584264790903,5979.076412841602,10.34463807257753,7.9457872931732,16.641454527742525,5.976806487272637,0.1029084380610413,5.884666666666666,9.053788847225766,13.784788707908936,11.979890733068025
11350665,상계34동,0.02090831792883246,315.0119214533488,15066.344529750479,8.537185202437641,4.678715302051575,14.289600248362968,3.3341479930541693,0.05294733170561563,5.744666666666667,7.410853745897604,10.864372749298708,11.80451240349922
11350670,상계5동,0.046672895852799545,264.9598274994609,5676.952815079463,10.14917667913419,7.085383503042385,15.72871593786185,5.178558893419129,0.06628024193548387,6.144666666666667,8.262586982232571,11.490021292291722,11.362711692011931
11350695,상계67동,0.1642552940159005,203.9989642945285,1241.9627964915435,9.989345299431552,8.183245354524137,15.307414553927892,5.504427821153299,0.11520388658808538,5.8180000000000005,9.641591293148599,12.925376480280551,11.90398734276765
11350700,상계8동,0.026596213925671748,44.75046770763937,1682.587898890541,10.400918492417565,6.775044252918181,14.201990663089582,5.215411274057942,0.10261053266938283,5.539333333333333,9.450955061062709,11.108569633563386,11.753332474906186
11350710,상계9동,0.05894239574498282,94.81113630450136,1608.5388981253225,10.21914981873231,7.388537188440512,14.771000611333335,5.09757940632734,0.09553349875930521,5.3646666666666665,9.156670709448466,11.317249068397375,11.732588298943432
11350720,상계10동,0.022679763207896,105.59961706162525,4656.116384180791,10.021466143248482,6.23709690465924,14.681076872275707,4.854246606451734,0.0952048823016565,5.255333333333333,7.775461380814941,10.78239999850493,11.835630027278345
11380510,녹번동,0.08185891733386051,185.27598761161082,2263.35741597907,9.918387963003772,7.416182289289831,15.14018550551789,4.7989830487008245,0.0894320363346912,5.71,8.80966322469441,11.81413190559073,11.49331101996665
11380520,불광1동,0.04909583020027507,140.2363397191958,2856.3798421807746,9.40226745339411,6.389883602592144,14.34551464203796,4.523983237473109,0.0990008205821306,5.57,9.102315189425322,12.026877856323496,11.499104392452853
11380530,불광2동,0.18356344704673022,210.29724726316286,1145.637928719147,9.871619498538138,8.176654147917759,15.220090116663933,4.792644121183307,0.054154658981748316,4.486666666666666,8.586609913129855,11.969515612464441,11.485588525894933
11380551,갈현1동,0.12692245426582482,399.68894534314643,3149.0798665620096,9.723866272083049,7.660098828657919,15.714493189761212,5.3527211835463255,0.09826828637890928,7.144666666666667,8.862811201381488,12.647408178952512,11.466314524566883
11380552,갈현2동,0.10657000148740266,216.46651904595115,2031.2143757597587,10.247374729111044,8.008718665106555,15.624775330855888,5.261892129313175,0.09991988606017448,6.2973333333333334,9.130632710102258,12.24966804773866,11.513064122023561
11380560,구산동,0.05314874781154074,170.9036614424554,3215.57268006501,10.03318271697516,7.099304084249787,15.174239069205926,4.914665329485668,0.08545388261028072,5.846666666666667,7.989725896959906,11.225638235127219,11.460628860417776
11380570,대조동,0.06872416202472682,433.9011873338121,6313.662830515056,10.381736243213627,7.704501706069228,16.45452214998731,5.780393693325945,0.08380406373830201,5.771333333333333,8.562141499588915,12.463768524413013,11.64219077077268
11380580,응암1동,0.06477490154789986,167.85671853329148,2591.385158789697,10.297825144474938,7.561474608166892,15.42090238802881,5.1744384434214545,0.12132013754927451,5.722666666666667,8.934372350415309,12.068929761332429,11.554263166490767
11380590,응암2동,0.01604797286227799,136.83981660836295,8526.922233898813,10.508885164267028,6.37838443897764,15.42766909040223,5.269476643671743,0.08316924519456165,7.09,8.400011369541325,11.048350464231673,11.600836825741823
11380600,응암3동,0.055432039334737615,338.0129418410193,6097.790120977863,10.368100031509494,7.476037745136407,16.191152889262746,5.581072024357031,0.07924192317476468,6.026666666666667,8.694806200822546,12.541713190727872,11.365422639114435
11380625,역촌동,0.0710824920440053,263.9357069214174,3713.090232655628,10.562487391354583,7.918911170406611,16.1381671597049,5.418825043002183,0.09970419908687543,6.080666666666667,8.08186651171375,11.872476105322386,11.374966762447055
11380631,신사1동,0.0492023539066644,235.13876239754202,4779.014492753623,10.403194314738423,7.391966538786397,15.863339926033634,5.138668372667138,0.09478795726772417,5.969333333333333,8.232394043809514,11.920314975094922,11.463290444009784
11380632,신사2동,0.046541190690372575,153.60474720145044,3300.404328358209,9.817246246770312,6.750944663395127,14.85157482316213,4.845511021463129,0.06852562655226914,6.083333333333333,8.250464894185999,11.12115853243493,11.387671340099715
11380640,증산동,0.11071793179149045,187.9442879403118,1697.50540765391,9.976486616156436,7.776090405784005,15.212585960479759,4.982976087710704,0.07223971753029869,4.922,8.367457592106554,11.803440415322285,11.31812395652855
11380650,수색동,0.012950795191517959,128.73085567087284,9939.99625252234,9.53539958652978,5.194292833959396,14.393051731408928,4.353226363260196,0.08715974704426725,7.2813333333333325,7.807016823704982,10.804007056953454,11.493403478290787
11380690,진관동,0.015568245234435427,129.78193564652094,8336.323952519455,8.457700725235844,4.308511323796215,13.323345702918546,3.514467941977955,0.1419490877975736,5.853999999999999,8.443548368016723,12.549661612640737,11.72167038506359
11410520,천연동,0.06232212762083448,224.15945281607355,3596.7875516036834,9.749057362488228,6.974496148765169,15.161356913008706,5.29535932798749,0.08986911264557353,5.003333333333334,8.506288148147897,11.818105068683522,11.618716887774234
11410555,북아현동,0.06286995969441962,1211.1630689579574,19264.575241416307,10.44741207902122,7.681157784469775,17.546719470212974,5.4651966160866055,0.09764245490121218,4.539333333333333,6.580118507733485,11.810846257329116,11.638020370301984
11410565,충현동,0.5254783597582746,525.228356452402,999.524236724063,9.802063487528944,9.158667187600946,16.06584138676158,5.597743815872998,0.0949370479507099,4.806000000000001,8.000694668269452,12.05900974860431,11.785631453602754
11410585,신촌동,0.06051198801198802,404.3287812187813,6681.796359734203,9.191505336982857,6.3881723870453735,15.193632044380198,5.387325623717738,0.12857118373922433,6.350666666666667,9.383346860191514,13.77118356081398,11.989667589474596
11410615,연희동,0.3239449480508552,229.9633160079996,709.8839398226958,9.450366913555698,8.323349369526127,14.88820839243295,4.708887437036196,0.06782183128864785,5.2780000000000005,8.89669592238081,14.23260371023653,11.674574249334842
11410620,홍제1동,0.11362744169046879,246.36170454699283,2168.153228496545,9.899957990888657,7.725519090247791,15.406708816243752,5.077873803663864,0.1238395225464191,5.5920000000000005,8.136493831814022,11.766464015820459,11.629729651339554
11410640,홍제3동,0.04099072511062571,222.90806317601985,5438.012198477483,9.60716110865085,6.414323676422869,15.01385357632646,5.200110599152448,0.08462231566301247,5.650666666666666,9.562126194908513,12.283104176122501,11.478974946578456
11410655,홍제2동,0.026791493178540304,173.66482858438783,6482.088453490584,9.835696341809884,6.217967254931866,14.992770310469929,4.771925709011894,0.10365767546956645,5.573333333333333,8.37897920623508,11.665687747072951,11.620125886961826
11410660,홍은1동,0.13112972391877045,170.244013514631,1298.286981981982,9.545162643019074,7.514068413683739,14.682324295726497,4.408029608988842,0.0804279982166741,5.018,8.629429367263544,10.907199449150644,11.583584591926625
11410685,홍은2동,0.053675308380452674,152.95624361299215,2849.6574724607513,9.532590386225475,6.609064743857279,14.562670296640215,4.901478750779284,0.11140717269191992,6.247333333333334,8.551312828240892,11.643441871729982,11.625425235393623
11410690,남가좌1동,0.06898863491252713,70.04286649214659,1015.2812355391022,10.466872350882152,7.793442902719472,14.715951726003645,5.637230900194823,0.11608832807570978,5.2826666666666675,9.682461880315982,12.036803186565281,11.85053324709173
11410700,남가좌2동,0.03129373687893632,198.31163838348496,6337.103144654088,10.568659971812252,7.105118190849833,15.858474116475117,5.412887978231271,0.12410826689047418,5.688666666666666,8.442405822020007,11.946493041930744,11.755202138466325
11410710,북가좌1동,0.023310497637296798,158.0614039054316,6780.696249595862,10.3290956419449,6.571612015076621,15.392046769325153,5.00926324231777,0.11703765924681507,5.672666666666666,7.391908616930797,11.533576714216984,11.989834364531642
11410720,북가좌2동,0.04171602858755261,362.67521507437675,8693.905612640057,10.532706490893828,7.356448660444117,16.42618762307308,5.356319037190996,0.10350016720543974,5.794666666666666,8.214268452001487,11.617692775241535,11.507110591314312
11440555,아현동,0.17593400417177166,249.90300278196494,1420.436054749111,10.547656178059057,8.810132816776742,16.06870288153491,5.617035501358071,0.09444630792083952,5.436,8.567239191911149,16.875499062338477,11.986740986381422
11440565,공덕동,0.2749995962669949,367.32588969296546,1335.7324689899972,10.503819347596687,9.212906015044389,16.410041427268368,5.537887116297585,0.08151318041766518,5.022,8.142782668597727,11.814290389188768,11.824925445673136
11440585,도화동,0.5858598409542743,188.27946105418772,321.3728743508171,10.418695036305277,9.88404145287539,15.65659267973213,5.838867232745294,0.1021973287376131,4.931333333333333,9.56687893196592,12.82591571220551,11.840406929262324
11440590,용강동,0.5887696804113256,279.88856653769204,475.3787021474282,10.219717364695807,9.690022612596081,15.854072596955808,5.19633983381332,0.09247929568007164,5.216666666666667,9.535907272419898,12.630174647483406,11.973835791842285
11440600,대흥동,0.20822969901707233,461.7018590243319,2217.271893508706,9.842995393999868,8.274083862362534,15.977861745661622,5.901429534831746,0.1057822652269434,5.9766666666666675,8.921826322982966,12.684476194093687,11.867329298555777
11440610,염리동,0.114352537087462,279.5157106217587,2444.3332674636895,10.491785223781717,8.323531054781295,16.124816059893135,5.073348379313642,0.11032967032967032,6.063333333333333,8.301075273272021,14.81115894410038,11.974746541588399
11440630,신수동,0.1180741667748905,227.3456777369807,1925.4480801919808,10.25096049324584,8.114781979059757,15.67739699304161,4.9776445710108375,0.06869473814381995,5.925333333333334,8.102265539976417,11.651428450383666,11.880906058526346
11440655,서강동,0.1275895008109002,239.78476504889022,1879.3455850593389,9.751634734765812,7.693095408695619,15.23131848502531,5.179089328507805,0.08030399460896259,6.846666666666666,8.672687936385753,12.26299671353451,12.018353749269467
11440660,서교동,0.9610467040393298,660.960266071803,687.7504113939024,9.662574043816077,9.622844350714653,16.15620424370608,5.759731893892032,0.08535226006051093,6.624,9.921228045012624,14.529338412955228,12.04724219932425
11440680,합정동,0.3023556306530166,297.4068263592088,983.6325049309664,9.189460109714386,7.9935443173351866,14.884459325115458,4.554094686072262,0.0691836076153598,5.833333333333333,9.466657526080933,13.213211150229368,11.903205189885908
11440690,망원1동,0.14994655044815394,358.7683510128005,2392.641577552326,9.779826202400182,7.882670535924515,15.662446695304608,4.809799284816309,0.06165993389643776,7.4286666666666665,8.908238019516732,12.75417767387979,11.892796943583063
11440700,망원2동,0.22548489695365215,323.40572132443515,1434.2677744439372,10.196370165131064,8.706996198946621,15.975240612462185,5.263678521844861,0.07355021216407355,5.790666666666667,8.573374193883541,12.126765450620034,11.661855684734457
11440710,연남동,0.1808148629041745,429.6478513012448,2376.175522301742,10.07043059268973,8.360340643325213,16.13335430059191,4.87322708520957,0.037573972874253195,7.847333333333333,8.664933660236297,13.156870884248342,11.949893116099245
11440720,성산1동,0.2665584837532446,320.0169228985996,1200.5505073132167,10.002887587603905,8.680850530335483,15.771216337474842,5.055922379669123,0.06534155814484807,6.040666666666667,8.681104795661994,12.232515327896476,11.729724666725517
11440730,성산2동,0.042908078164929836,176.3190731474255,4109.227928356316,9.894270064710339,6.746699872485588,15.066515155949684,4.798098076893927,0.09681309216192938,5.166,8.479735073488913,12.169955371026,11.852224654373373
11440740,상암동,0.4402573971088696,175.4979030785428,398.62567723114165,8.197924163620662,7.377878292495508,13.365277564684488,3.881282267081125,0.1628441108918578,6.274,9.60504798100395,13.063600116100774,11.995707929327574
11470510,목1동,0.48550282480915524,161.835197517153,333.3352335916238,9.961533054556106,9.23901287836192,15.048064682795019,5.236472557162118,0.11897779639715124,5.180666666666667,9.732505294153375,14.249610771502494,11.867033650935646
11470520,목2동,0.11130548673539015,237.2077618461003,2131.141678666941,10.257915976286478,8.062719290373071,15.726817434221122,4.927781155726457,0.08182882494300325,5.622,8.392967357003517,12.010311906142126,11.684318073332108
11470530,목3동,0.08088002138811343,227.4128807426152,2811.731214206096,10.604662272925257,8.09015562171789,16.031404804818184,5.447892801840206,0.08376176997284965,5.747333333333334,8.911844752627513,12.501950945270401,11.666914988955439
11470540,목4동,0.08020395693761795,231.25418376671482,2883.3263668846494,10.661971490678619,8.139057599434611,16.10546564106966,5.316156588965229,0.09376653614139063,5.898666666666667,8.50930182386764,12.164119469072226,11.541335387437346
11470550,목5동,0.3357320464583674,113.4427613283167,337.8967320070359,10.046414758659576,8.955058589769488,14.77767020316829,4.902367016988413,0.11058638331365604,5.205333333333334,9.601780927806162,12.542578383377974,12.017902016213892
11470560,신월1동,0.1023871104801535,206.4665639299817,2016.5288673714717,10.366128075831355,8.087409578108696,15.696235228145476,5.075559345020778,0.0637447858527701,5.926666666666666,8.95798824101396,12.047497309511195,11.448566838761705
11470570,신월2동,0.08103518020302938,178.98977147957186,2208.7909353829086,10.440613755009219,7.92807318351981,15.627913358211417,5.027900595651103,0.07374890254609306,5.0040000000000004,8.355277122450534,11.70013976991867,11.425934451409626
11470580,신월3동,0.07089371206781336,188.58704607244533,2660.1378397572475,9.671987141241763,7.026239238854987,14.911484132154367,4.649009471994096,0.08909496419767579,5.462666666666667,8.273129616202935,12.005585155350495,11.389469619309976
11470590,신월4동,0.0654270103745277,188.93931987936418,2887.7877622377623,10.524425980963933,7.797989649318918,15.765825155509479,5.226587259062372,0.09227871939736346,5.396,8.604710651390906,11.939887553394467,11.458541082298481
11470600,신월5동,0.09716337320484457,186.818886159961,1922.7295224312593,10.011637090815515,7.680692519408226,15.241732079678826,4.813802636942838,0.09654163619266534,6.508666666666667,8.701337179132066,12.257929983035298,11.31756000515927
11470610,신월6동,0.042947090533333974,70.38429336018228,1638.8605720695457,10.346545586615349,7.1994743664420096,14.600484071327697,5.121337786465879,0.09609004739336494,6.633333333333333,9.908564278306343,12.015544045240203,11.671496076776783
11470611,신월7동,0.13175795365974635,111.5249557145894,846.4381285291744,9.635074498172983,7.608716608876192,14.349258072000005,4.54805178152716,0.06816315357240624,5.198666666666666,8.921689430143866,11.539255780230704,11.325293030397697
11470620,신정1동,0.44425557645794145,167.6491870464929,377.37103579692393,10.186691838876392,9.375383699660643,15.30852801835628,5.265921322885408,0.09699769053117784,5.693333333333333,9.231521493157441,12.22351452609539,11.51969582758781
11470630,신정2동,0.7950821119859832,227.75574112734867,286.45562224818843,10.488140378959264,10.258837676474778,15.916386379800704,5.311034238574687,0.09436178543461238,5.256666666666666,8.924930786090133,12.226176855777608,11.522784702565621
11470640,신정3동,0.038085152360742565,149.62589441386447,3928.719859030837,9.799225005430676,6.532694873641734,14.807308021773107,4.744158634555983,0.12910631320032795,5.859333333333334,8.525660354324824,11.440877519901884,11.63574940352946
11470650,신정4동,0.18539948395644298,329.39901984436915,1776.6986876929866,10.395174979072612,8.710066920487241,16.192414333927825,5.38274427831341,0.07297380427538833,6.426666666666667,8.93079845256205,12.516120093172702,11.703893973334457
11470670,신정6동,0.00023280370490467523,84.20793805204272,361712.1904761904,10.149054996506356,1.9390068346944618,14.58230554017187,4.872637987365945,0.09537219562564535,5.403333333333333,8.447398947018645,11.56920123714239,11.820129733244096
11470680,신정7동,0.009898504549229751,108.46392289536537,10957.607015880541,10.044351962809424,5.433315102246788,14.73072654175331,4.866269789740673,0.12838395200599925,5.648,9.464467041130181,11.951965015010273,11.651332867181527
11500510,염창동,0.06091668286976406,200.55025075967083,3292.2057031311824,10.083412684959512,7.285808143547462,15.384435968293873,4.8149559843736744,0.12827030106490206,5.253333333333333,8.853222869735909,11.925336865665667,11.608666461050802
11500520,등촌1동,0.20092600704593663,206.86583251697104,1029.562253081934,10.560746684506544,8.956031173192176,15.8927913269783,5.332327887797825,0.11973325250075781,6.184666666666667,9.627260696633128,12.992245491832563,11.73314420987182
11500530,등촌2동,0.13197924580368,194.32257921650523,1472.372250903459,9.975313948106011,7.950509359598129,15.244787209525255,4.535178794603872,0.10237556561085973,6.167333333333334,7.877229808273694,11.645677976942714,11.712673189170872
11500535,등촌3동,0.35567418307414167,233.4777071209491,656.4370376926676,10.238566359529665,9.204890963007973,15.69161734782543,5.590576398573957,0.10325964539691733,6.162,9.165255006365001,12.562872437776454,11.77504970063311
11500540,화곡1동,0.0786557149467839,317.29053550311073,4033.915853638607,10.67596182338428,8.133557305859302,16.43575667237516,5.5004058252172365,0.09776946707626553,6.988666666666667,8.566458082017478,12.191043214786095,11.585480517682758
11500550,화곡2동,0.1641435176340224,194.26931718314165,1183.5332883281344,10.555259328974547,8.748377877410487,15.824478835941404,5.42742424629007,0.0689115929941618,6.087999999999999,8.05816803791611,11.605367808391863,11.52501937131045
11500560,화곡3동,0.1483835183740235,174.80391014010448,1178.0547600946104,10.615653439938642,8.707839192705272,15.779293883132947,5.408438636482375,0.12586858466414724,6.6786666666666665,8.999690829304209,12.156263096352303,11.63583607287094
11500570,화곡4동,0.09849511185969025,225.4446426847657,2288.891686380534,10.06504368603038,7.7476846206169725,15.483075974713254,5.22176943766708,0.08012642785848952,6.1353333333333335,9.035847585270146,12.236711619700126,11.541011986527256
11500590,화곡본동,0.0679333306750668,245.00227281789546,3606.5105358924693,10.445140871134344,7.756311419576923,15.946379387475778,5.300503315711956,0.09122921068313561,6.2379999999999995,8.412731477210244,12.071269153750961,11.6227038076438
11500591,화곡6동,0.23453928993621637,206.8315280790865,881.8630265970999,10.1155060567461,8.66550589817569,15.447370391883219,5.155957406123818,0.11247195213163799,7.519333333333334,8.885162866023252,12.501393535326356,11.687448917653043
11500593,화곡8동,0.0700951039098274,349.705040898595,4989.0080960357345,10.601481767419209,7.943909435836681,16.458547018025794,5.489003177024638,0.10084854404493011,6.431333333333333,8.265676466096593,12.039764651056942,11.706820347279942
11500603,가양1동,0.08631871585926304,98.90747494230972,1145.8404351562854,8.83504208204212,6.386872625895857,13.429082817200651,4.400255831937212,0.11186208991494534,7.529333333333334,10.365312566324008,14.592059354057666,12.080866879445592
11500604,가양2동,0.0004131641983384898,153.17474878141155,370735.7738095238,9.70823052349019,2.05375903589076,14.73974955584119,4.901679893803435,0.11138434832923477,5.013999999999999,9.30094752202215,12.283212592551795,11.60680665222289
11500605,가양3동,0.04589611605053814,124.74558259241928,2717.9986745513866,10.310378586873682,7.229695521601887,15.136621891245861,5.134004044375878,0.08887724812292648,4.954666666666666,8.758507628521402,10.50333049161916,11.63645079685537
11500611,발산1동,0.14175730444817342,153.7721038185869,1084.7561218604162,9.427437988930748,7.474286345047857,14.462829685026355,4.874147377223844,0.08076045120549177,6.172,10.2911481583998,13.302508726571693,11.793035945125638
11500615,우장산동,0.06747086454078352,153.21083783965852,2270.770337425401,10.449178803606207,7.753519741661228,15.480965018118974,5.189320554057693,0.10159288757177255,6.0040000000000004,8.40606387501871,11.964859857643987,11.651731008112423
11500620,공항동,0.15395375844594592,182.427466040259,1184.949739985142,7.934355353411225,6.065219024851922,13.140351678422729,3.2597092254959557,0.10159684219969499,5.734666666666667,8.898643963579417,12.899705243781646,11.592231285824734
11500630,방화1동,0.09253655076322977,177.69131525618462,1920.228426395939,10.256630922651672,7.876823737423553,15.436643856786132,5.275541774905789,0.1046668127327929,6.584,9.02047898908729,11.922583284454415,11.714110755278465
11500640,방화2동,0.07277845255844208,201.9482699071489,2774.835996203433,8.232879605401353,5.615924533474534,13.540626691578217,3.456129625413365,0.08630904723779023,4.870666666666667,8.710367356979894,12.733790301581324,11.443516792764424
11500641,방화3동,0.0969114350619067,123.43192971370974,1273.657021329442,9.066443630801661,6.733561384780826,13.882018911010276,3.9168066223170106,0.0966268446943078,5.062666666666667,8.424346125187595,11.187086232348683,11.72787930529679
11530510,신도림동,0.30137346666961007,172.11196347233567,571.0919590045354,10.16662762361126,8.967311679536488,15.314734629922494,5.17561946805384,0.1136817858473629,4.467333333333333,8.569117167753994,12.508917331351135,11.92389981374886
11530520,구로1동,0.0002698994624502373,96.46751406529638,357420.1785714285,9.93142355208565,1.8795633160294252,14.500581742285874,4.8890534569855895,0.09637134778510838,4.557333333333334,8.7147479027196,11.27425259301607,11.934066177400123
11530530,구로2동,0.3720334595787581,309.53283970464025,832.0026915189688,9.754876842822819,8.766203273007292,15.489883209669049,5.219033548837044,0.025035027890131387,2.8193333333333337,9.881928055915296,12.929562991968325,11.706158936352109
11530540,구로3동,2.4311798390824872,281.3437547597861,115.7231358359584,10.085278585915168,10.97363071439357,15.724814292678824,5.6167959895894795,0.11453606376132408,5.508,9.975105848102775,17.803771868192637,12.147298809951783
11530550,구로4동,0.06189045160034563,324.8675309584969,5249.073525207281,10.671269700565897,7.889231959339023,16.454664071852015,5.941233576081699,0.05609917741998363,6.0166666666666675,8.8721779813552,12.298944020684909,11.796764161104264
11530560,구로5동,0.37935058665491256,219.9506685137376,579.8084311750972,10.353661909051644,9.384419588532635,15.74703346480128,5.54061207573795,0.0859138586152761,5.009333333333334,9.515019943790428,13.084546867859222,11.79806781505571
11530595,가리봉동,0.05276520411732903,247.06214156233767,4682.292918131592,10.328887806675237,7.387570901377679,15.838495153251685,5.620190149976365,0.03165231652316523,6.148666666666667,8.681812654909447,11.428130289012305,11.844023764010483
11530720,고척1동,0.09162074911514177,176.9013237219795,1930.79979623026,10.013855156466043,7.624201470495507,15.18940271735992,5.235140453521001,0.1153396058606001,6.0553333333333335,9.382067954040686,12.329392422247185,11.67479088097457
11530730,고척2동,0.056219922544600336,203.57438892768712,3621.036453157467,10.150273318514174,7.272444814547357,15.466265929895718,5.232378044939571,0.07749318154867782,5.712,8.571156219786463,11.57166531403706,11.498215806463257
11530740,개봉1동,0.28097120138261583,228.64743101127294,813.7753260338935,10.156941802137483,8.887538003314848,15.58908437992474,5.252826013413265,0.09268851479231,5.486000000000001,8.277428635435452,11.723113749141852,11.664827332398968
11530750,개봉2동,0.2399316992564032,129.52029082897275,539.8215043297,10.562783454829301,9.135464392008021,15.426595348200642,5.337645787480707,0.12445810672341767,5.550666666666666,8.82517494706849,11.535298869260052,11.837130865902024
11530760,개봉3동,0.08483967541689726,196.28116644552162,2313.553953159384,10.091613054903393,7.62506783466599,15.37111999353708,5.023156638069626,0.09619327806008737,5.751333333333333,8.452726138500314,11.804989154607274,11.646068448840502
11530770,오류1동,0.13315663258866592,172.08267070554083,1292.332701421801,10.371955432282752,8.355930005159482,15.519899320625623,5.4524532030769945,0.08204036798022793,5.771333333333333,9.083450280610418,11.951537594280675,11.772527456333243
11530780,오류2동,0.020418088888102856,133.7827847832623,6552.169770463404,9.418625242001589,5.531179162400717,14.314762123734234,4.665265372022436,0.11431399953412533,5.708,8.36213577142127,11.470744259901592,11.86248925112019
11530790,수궁동,0.07002483252483252,80.0638167013167,1143.363201517463,9.068349279949844,6.410973443028173,13.451059481833475,4.537257674308586,0.09415108177484414,5.148,8.870661145597124,11.518429845667587,11.605308334075259
11530800,항동,0.00034013605442176874,63.94130628441853,187987.44047619047,9.339567666552641,1.5831419491499454,13.497446733005928,4.396534992837296,0.16805402858489085,8.069333333333333,5.108934733048452,11.132658658252373,12.147085233889811
11545510,가산동,3.5707479646801286,184.14408588926875,51.57017177093443,9.286135535594267,10.558843881639909,14.501761860800617,5.288203026356143,0.07636427123738963,5.091333333333333,11.937946510096157,14.058945081679742,11.730654383582939
11545610,독산1동,0.22038293027909064,104.24733294235348,473.0281642518127,10.061832962480132,8.549595272492908,14.708556970295765,5.087688295466561,0.10835100474603654,5.335333333333333,10.715532307195282,12.108990307098527,11.536513728153809
11545620,독산2동,0.0740858902513455,182.9347257670754,2469.224911065344,10.346578908182696,7.744449859168103,15.555676380146316,5.073849710049806,0.10282514634767116,5.6899999999999995,8.707425327733636,11.768534390089979,11.451485427459426
11545630,독산3동,0.11469385424089906,188.99484025396478,1647.820116472906,10.265238505237626,8.100018424020053,15.506923580543871,5.254247320175577,0.06723243752946723,6.453333333333333,8.932588378159364,11.962009158765404,11.339396341201642
11545640,독산4동,0.07769055980169387,233.158686221855,3001.1199149162453,10.214749143390591,7.660162334116861,15.666431952198682,5.064797828172386,0.09850859694119883,5.512666666666666,8.461082932008624,11.675189465983935,11.357458474741987
11545670,시흥1동,0.12938461295268808,165.4529745814957,1278.7685552840562,10.005025253055768,7.960363352171472,15.11366736565391,5.382265086208227,0.10034721225860138,5.832666666666666,9.660284957684453,12.509094452009148,11.539460282098378
11545680,시흥2동,0.043181016659602486,79.54873475673874,1842.2154203506668,9.664166285478759,6.523218468356107,14.040473412328183,4.520889114626153,0.08723643972316111,6.070666666666667,7.92180909519801,10.40063191246383,11.148596816218783
11545690,시흥3동,0.17750246195876615,119.77752152228472,674.7935786384137,9.026368772258373,7.298154782458044,13.811885605203525,4.405048469918536,0.033637324874438275,2.726,9.153600768374066,11.887587866822866,11.373514727582045
11545700,시흥4동,0.058813359267201964,114.95451930909515,1954.5647577590596,10.102444248114047,7.269713570490474,14.846940190372147,4.8952271847605475,0.07206102710802344,5.624666666666666,8.612407334763628,10.976594872693273,11.460199565947148
11545710,시흥5동,0.06521669598592676,189.65131758977913,2908.0178736853577,9.512379896178816,6.783399253774249,14.757493568007295,4.799141781721109,0.09457006106618254,5.352666666666666,9.00398473813936,11.371160702422898,11.404405890662789
11560515,영등포본동,0.14883861094205167,305.6399014399924,2053.498749454127,10.190988528064604,8.286310286551831,15.913358759598086,5.128568379824015,0.08898661925704127,4.614000000000001,9.036456211842864,11.946097294219355,11.545919783011678
11560535,영등포동,0.44887304864848776,344.801886652022,768.1501210424335,10.036677398413874,9.235715957980583,15.879603769947456,5.804776833678391,0.09742802543779958,5.132,10.152746060046002,13.687323033958581,11.741029492752606
11560540,여의동,6.283591909207468,187.8286384092679,29.891921869407053,8.291076317102675,10.128807232108342,13.526356925862014,4.29450505284499,0.10844314748222102,4.985333333333333,10.896216519680292,15.144059247655804,12.050653939875644
11560550,당산1동,0.3182318053218787,327.0621481140322,1027.7481466166523,10.259435127901435,9.114534948165531,16.04955041714939,5.539644421295709,0.07173152764342584,6.286,9.907068602794908,12.494821240868204,11.58948704361579
11560560,당산2동,0.3262406513980307,228.0315960327851,698.9674495057778,10.065082056643474,8.945049930418405,15.494523901434787,5.171456356230397,0.10709351305812975,5.336666666666668,8.837699139258989,12.323076279102551,11.80240192654248
11560585,도림동,0.027717876706048552,276.0587366326277,9959.591766723841,10.419533619001406,6.834902220583302,16.04011753983299,5.184640354284249,0.06722908331883806,5.437333333333333,7.897350380116856,11.671604414852228,11.49362439187471
11560605,문래동,1.905541428816754,290.35096612410337,152.37189899586534,9.80007087381897,10.444810706719707,15.47110603484957,5.0713656866250005,0.07852045616208898,5.081333333333333,9.622556008001073,16.252345319860215,11.620682706185399
11560610,양평1동,0.5005355859094176,290.91857296908694,581.2145652751545,9.853505989804331,9.161481856491664,15.526497016564143,4.88502597329561,0.08647251764238147,4.980666666666666,8.561018758728913,12.237291498702898,11.77199096114613
11560620,양평2동,0.5742747096641917,221.05724411639795,384.93292564748606,8.977017968198101,8.422464168843826,14.375313943819823,4.241778007252708,0.0863266938981766,5.222666666666667,9.451037392033312,13.012124473005244,11.712738156088266
11560630,신길1동,0.1377997665970841,275.78178799783035,2001.3226060403645,10.241859464799044,8.260128862586177,15.86143387673346,5.235065288051928,0.07730841121495328,4.688000000000001,8.665868111581407,12.125234706112527,11.382477314266488
11560650,신길3동,0.024596197813411647,362.5544835966925,14740.265399841646,10.401593491350877,6.6976342875666734,16.294737953247463,5.738396352631931,0.06738078783690393,5.281333333333333,8.131829629324194,12.108631012622128,11.52541843516201
11560660,신길4동,0.0661170317639856,212.58434941421856,3215.27364043004,10.691605452808584,7.9755976273770415,16.050921672534372,5.378327585189732,0.1231484671029969,5.769333333333333,8.001069412011715,11.18533435381815,11.592699213400547
11560670,신길5동,0.07618154470108944,288.0751097659747,3781.429096722622,10.004813398790661,7.430725107988691,15.66798961662354,5.39977448935098,0.09635974304068523,5.523333333333333,8.284419562648258,11.939233162536738,11.664618433219553
11560680,신길6동,0.09907818633426257,300.183101378304,3029.7597532273016,10.270684991633468,7.959153887534381,15.975043099172657,5.616425970544292,0.08867615568711425,5.6899999999999995,8.72948832345116,12.3614335392689,11.725308394567612
11560690,신길7동,0.11568174977425504,190.59734122604596,1647.6007805724198,10.342623021599847,8.18595697325471,15.592754002138282,5.291641981588341,0.10971896955503513,6.526666666666667,7.8183470148404375,11.758703289273521,11.694697426319827
11560700,대림1동,0.08011225137753744,281.31848665478606,3511.5538736895933,10.392486506508009,7.868512034916703,16.031943385017982,5.566558667693341,0.09382556827341608,5.672666666666666,8.771595055087673,12.509290421560925,11.602110256160957
11560710,대림2동,0.19240112609544566,295.2140111095975,1534.367376639723,10.334404262643496,8.686367765140757,16.022072431250354,5.398488259548423,0.04125093075204765,7.783999999999999,8.945602421506353,12.313198379211272,11.764221004183849
11560720,대림3동,0.18940647151430878,283.04485360909325,1494.377944671814,10.209271193978502,8.545568859217727,15.854839874521154,5.404167763236113,0.054622922880272685,5.860666666666667,9.816420462240618,12.5485541523808,11.45619637072414
11590510,노량진1동,0.09454462423821149,192.81681915908246,2039.42657462224,9.925713190060565,7.567498064084678,15.187405156188152,5.13334406494483,0.12398332025927913,5.8053333333333335,10.87843948792772,12.175127037589922,11.804344047963811
11590520,노량진2동,0.35860416141806034,317.28814687053864,884.7865725145462,9.751796015351038,8.72636397484271,15.511548348675849,5.23372616500346,0.0376429274977517,3.726,12.365723256857928,13.106696879120875,12.346645273703537
11590530,상도1동,0.06437255769000866,172.52756200388612,2680.141479459411,10.34473128890522,7.60213077803135,15.495256316454693,5.3240442936788215,0.13975040158161375,5.3486666666666665,8.89862029819546,11.928719753928636,11.73597674536094
11590540,상도2동,0.033736112043099405,180.31561969765235,5344.884421396604,10.491112451643515,7.1027214288645295,15.685793581234847,5.681599811728682,0.10614986511038926,4.894,8.542339082684462,11.88458514731034,11.781561813602108
11590550,상도3동,0.03613338012568132,200.18110283715166,5540.06024736323,10.549567390667704,7.229727982562413,15.8487637874216,5.56649225843551,0.08254736666388449,5.35,8.992705523723272,12.077246532498933,11.732594721238215
11590560,상도4동,0.03191400658708431,201.5535165858336,6315.51905072937,10.329935170977096,6.886214538432973,15.635957628315058,5.209484501099599,0.09219742629092686,5.4799999999999995,8.233250728071198,11.10950834078815,11.45016953185592
11590605,흑석동,0.003023917570246974,201.404240536258,66603.74691358025,9.842523699227486,4.058690982695905,15.147784854024128,5.206565597607283,0.12528117359413204,5.3533333333333335,8.985842057845206,12.559782903176375,11.778980346621717
11590620,사당1동,0.15171587053253957,301.5273903616346,1987.4479136773232,10.495741424180734,8.610150252748358,16.20457472055988,5.593387230904794,0.0831169901512342,5.918666666666667,9.116168588324587,12.770749160410336,11.7994553739365
11590630,사당2동,0.05984532486927049,268.2905308296935,4483.065827042672,9.240706722873453,6.4262375852037055,14.832680534368277,4.4920393860665,0.10662481974722199,6.038,9.217431311775188,12.500168440058006,11.899354531879995
11590640,사당3동,0.04561528367769054,231.00948557703,5064.300097513408,10.181883378044438,7.095162527138399,15.624304464106347,5.008834839707546,0.08777672495477648,5.134666666666666,7.8160055326328415,11.60442637624383,11.683633736746659
11590650,사당4동,0.0739537931230949,278.8198729453323,3770.190292758089,10.379555849239768,7.7756299207186075,16.01009085574778,5.179227343687403,0.09770311964346932,5.656666666666666,8.629067516243392,11.88744018863832,11.877872236153207
11590651,사당5동,0.11649593222869084,234.65459396924913,2014.2728546830579,9.949880851510466,7.800343871985742,15.407947940492202,5.0042861281637165,0.09963611159244498,5.290666666666667,7.361929823203645,10.903392096810474,11.543871007508205
11590660,대방동,0.21557772438559,200.5938841340316,930.4944873397135,10.059871888391662,8.5255937080976,15.361111726336311,5.280568424925311,0.10736645797255893,5.288666666666667,8.95144603572579,12.057480227277598,11.583544835212859
11590670,신대방1동,0.1262835236776605,144.38089673920294,1143.3074761814225,10.518876420936254,8.449837645075503,15.491304509853062,5.177408461742293,0.07601632159588938,5.188,8.480321153271449,11.592459795387505,11.471178042373472
11590680,신대방2동,0.4782264662498283,226.28424434610722,473.17382101536595,10.036821639826387,9.29919850203626,15.458570000976213,5.176393679101142,0.12797369994022714,6.016666666666667,8.978404314506442,15.222494108595832,11.800875001650263
11620525,보라매동,0.17096002020401665,147.7117441336979,864.0133755098109,10.385051869812322,8.618876108243049,15.380283887468774,5.06440445509258,0.08171456888007929,5.5986666666666665,8.88251130357615,13.174473479518662,11.58612821801292
11620545,청림동,0.02312949009987734,209.69814847263595,9066.267676767678,10.818481632506963,7.052680220033353,16.164130810315907,5.4226193531469,0.08808698392688308,6.680666666666666,7.214342417528851,11.28561841772027,11.6319930086262
11620565,성현동,0.050391100978735115,155.7756886174933,3091.3333027438744,10.657583126448834,7.6700856037628515,15.705976834389812,5.4614398205599475,0.08446866485013624,5.871333333333333,7.999114103205586,10.701436652322128,11.638492643937749
11620575,행운동,0.07988676363603502,243.6612646685374,3050.083062303798,10.623385942082589,8.09652114348575,16.11914070280899,5.366079749149651,0.09863634173372525,6.123999999999999,8.607967431043173,12.172827805528348,11.76770410814605
11620585,낙성대동,0.30217778782410204,337.10980838283416,1115.600887842445,8.981126919252942,7.784677564918598,14.801410241579118,4.6734122224502155,0.13124115378983844,7.196,9.022360520943623,13.032001789589861,11.852654297882692
11620595,청룡동,0.10760393459615684,291.57603394722923,2709.7153560557913,10.341289240585498,8.112258788123976,16.01655788671057,5.164618221563078,0.11835732078605037,6.408666666666667,8.857910255013236,12.299413119836595,11.79092026696542
11620605,은천동,0.0316791234941655,264.4430346334322,8347.548968081015,10.652554809827866,7.201179772982522,16.2301571166766,5.483240773165791,0.10335349092908191,6.302,8.414054748694012,12.048951431239594,11.509487562148703
11620615,중앙동,0.07301912800789626,354.15328358462955,4850.1439724989805,10.614738066161038,7.998015855118524,16.48444340758786,5.712120011825354,0.11466609405196479,6.188666666666666,8.820717893041545,12.734250223980672,11.593522480525223
11620625,인헌동,0.05382366827571794,241.63902899646286,4489.45671555939,10.074387057385646,7.153085685644288,15.561790082478717,4.96509539037406,0.09313758502256045,6.217333333333333,8.779441239021217,12.042245119901908,11.646835535887075
11620630,남현동,0.19574017284638973,250.87065886070067,1281.651360641106,8.606536744166496,6.976320841666602,14.131292053363739,3.3366829611110704,0.116822069815828,5.616666666666667,8.746642171965766,12.586180810534007,11.831296768449274
11620645,서원동,0.08777510364598234,235.23320205777247,2679.9535664067494,10.510659238458611,8.077964967504244,15.971209480692348,5.366522037467183,0.15959455430786046,6.6946666666666665,9.268225348581346,13.072454158690272,12.001617947901751
11620655,신원동,0.02452016754967603,338.80820028165056,13817.532021151586,10.433103932922654,6.726015178389355,16.25850874423446,4.995827435939507,0.07130281690140845,6.084,8.080921032080322,11.471685351088137,11.563477251175192
11620665,서림동,0.060726743238397426,208.27016256098753,3429.628388655274,10.16866418054781,7.367886129218185,15.507462105830136,4.83917406557513,0.09288643251916563,6.669333333333334,7.985257960627296,11.419178666282196,11.530984743451201
11620685,신사동,0.1352370266175566,309.75753387159284,2290.47873662271,10.555115808485132,8.554556144818436,16.290879675095205,5.237496911607051,0.08675875076274478,6.682666666666666,8.27066934681142,11.797144428991219,11.510207106913898
11620695,신림동,0.05619908597702171,419.78619580971,7469.626747690331,10.700185130767414,7.821708820145962,16.739908167513537,5.968312443244971,0.09751640811455847,7.048,8.841644067556693,12.750533621834487,11.848954746358398
11620715,난향동,0.028337998944647662,96.18252229208218,3394.1183525327447,9.80646602979249,6.244801678613268,14.372659167120785,4.895604112352997,0.07302231237322515,5.594666666666667,8.011639252568884,10.767503117271879,11.12635374739834
11620725,조원동,0.13348316203134133,347.6358387662382,2604.3422516812616,10.340854087242102,8.32728372105415,16.19197738441047,5.386875108929941,0.0833457433606354,5.775333333333333,9.084542087527685,12.454366280072868,11.484602805056511
11620735,대학동,0.019489686994249508,238.42878541175773,12233.58720343261,8.07893254257578,4.1565382876498695,13.552694465410134,4.144792671316326,0.1169929772291977,6.3373333333333335,8.483877311083399,12.395768372219507,11.511907613802103
11620745,삼성동,0.04157775856230253,355.3172120610351,8545.848173335442,8.960167428301556,5.782933510510633,14.83305030238187,4.096525843979562,0.035756596661281635,3.6679999999999997,7.418733704438401,11.35282310576328,11.310415078313483
11620765,미성동,0.09115856292040514,180.1318186751244,1976.0274065795227,10.005258640085557,7.610553958270932,15.198902636821188,4.977961820382946,0.0957798804202705,5.426666666666667,8.489510333314824,11.70420768834675,11.479134941613435
11620775,난곡동,0.03653618641016409,226.65926392675274,6203.692453892721,10.19087490450658,6.882411485767043,15.614285408072961,5.004558996509705,0.10433209367775656,6.0280000000000005,8.07057971989627,11.494335309380029,11.605873463079472
11650510,서초1동,2.1460751940302387,376.5968948661614,175.4816867152396,9.604818504584484,10.368423191163828,15.535926649145777,5.30855521180609,0.06875721589971961,4.1353333333333335,9.090778384403864,13.042525649030942,11.819442049186716
11650520,서초2동,2.2049697094157508,264.5189264811582,119.96487994896201,9.957005263681335,10.747693134846692,15.534870851714027,5.5889942943352775,0.06561309668530675,4.837999999999999,9.898082813953458,15.656974748961844,12.183053731524586
11650530,서초3동,1.7493425232712834,372.9144673667414,213.17407106150296,9.288546733771472,9.847747136049259,15.209803583486146,5.138230620335105,0.0527540299499603,4.393333333333333,9.682606075826907,15.517519798780924,11.841809939578104
11650531,서초4동,1.2188425778471983,217.21653672136443,178.2154157307393,10.455563027695261,10.653459560623759,15.836429093213683,5.977069603737367,0.06740183859453208,4.429333333333333,10.2902491517369,13.852691801384374,12.106169065530915
11650540,잠원동,0.48498930513964433,237.89048951903686,490.506670967807,9.650135900953245,8.926575863353612,15.121882192575933,4.676927659795672,0.06604376029307969,4.976666666666667,9.408226973593182,12.653783283592423,11.757951570535376
11650550,반포본동,28.678417102569934,1258.2790539003865,43.87547086019715,5.711787988471388,9.064736257291973,12.84597862708334,3.9785636113927287,0.032846715328467155,3.7826666666666666,8.50699690769251,14.362503445445864,11.659665376135148
11650560,반포1동,0.2305264383880736,196.9493516577374,854.346048266222,10.451872777179055,8.984579495141801,15.734790626862313,5.335500392306427,0.07134675780528357,5.3566666666666665,9.354983560968352,12.330360075964604,11.886342934028136
11650570,반포2동,0.14966861181678698,76.6334985034082,512.0211751360208,9.628365172145095,7.729407453227896,13.967334492955775,4.448812748802621,0.07850352652560563,6.582666666666666,9.771923532772023,11.338953753265626,12.496893824289787
11650580,반포3동,0.12264129482819415,136.456343338755,1112.6459772779967,9.837959743961447,7.7398501013965175,14.75391148211667,4.794436370769936,0.0651246719160105,4.33,10.27584339477577,12.166257961482046,12.075124959877376
11650581,반포4동,2.9133720210673966,288.30658768684935,98.95975714808303,9.517002587717629,10.586265436450255,15.180953704857684,4.964538490968904,0.08754377188594296,3.4626666666666663,9.874760000207495,14.139169959417881,12.051547951323812
11650590,방배본동,1.0373979988105955,217.4471153689916,209.60818858172132,10.31824959890699,10.354964062256114,15.700172398605353,5.430673335048942,0.061534817621980105,4.334,9.385139581772131,13.555858330714965,11.599699925008364
11650600,방배1동,1.0126277643189825,276.4338578937496,272.98664685503485,10.095600695370807,10.108148879857355,15.717531163500606,5.353635821782673,0.09860724233983287,5.252000000000001,9.670682564050015,12.793376246523541,11.790360717620336
11650610,방배2동,1.1023082177519807,267.9380408458473,243.0699839943798,9.168092169081426,9.265488848300107,14.758744000579474,4.479419873630248,0.08321824742727313,5.158666666666667,9.131560730806564,15.204901672880615,11.73387407583079
11650620,방배3동,0.7942435206732761,193.6580342057445,243.82702428794335,8.860054864068179,8.629726472550939,14.126007533181188,4.378676026906514,0.06909388051570728,4.33,8.980084821184164,12.336963648393459,11.539521305922356
11650621,방배4동,0.6692163744707272,279.0177214753236,416.9320000515444,10.103403548157486,9.701775942525815,15.734638051714613,5.445189410418804,0.06480500393068325,4.3933333333333335,9.15543117713848,12.412146540651767,11.636659351729916
11650651,양재1동,0.532972220684638,201.00420524904914,377.13823994587557,8.897346460558328,8.26818030954794,14.20053620979723,4.2637174476471476,0.08479175145841812,4.6193333333333335,9.547854747991174,12.402616962926412,11.68375850295069
11650652,양재2동,1.713686100320369,271.9198768049773,158.67542880469335,7.954738530676853,8.493239008442762,13.559896217633618,3.484443424901415,0.056867243528370394,4.007333333333333,10.070199291329144,12.991449746250241,11.610687182752724
11650660,내곡동,0.06711021677348315,116.35214931819681,1733.747183546132,7.210788545698276,4.5195840368620015,11.96667741316049,3.0770445647060667,0.05642521702006546,4.075333333333333,8.027576846666127,11.82852086915015,11.928888608699395
11680510,신사동,1.7173513051829126,441.0958139811584,256.84658267061906,8.938495289631739,9.479223633872476,15.027626457330413,5.094953367102394,0.06435062125239538,5.4046666666666665,10.574102874656479,14.673271826500063,12.048122088639165
11680521,논현1동,1.8924410803161902,456.791612789109,241.3769271552634,9.76236914179906,10.400209561251108,15.886538985526427,5.766981124955818,0.06748375882032319,5.460666666666667,10.157064645568674,14.282262527211694,12.060447078995617
11680531,논현2동,2.6112840092402463,558.6746855749486,213.94635114297475,9.564327323757475,10.524126071222312,15.889824604449528,5.4587255871066205,0.07179682505135146,5.760666666666666,9.718466248658936,13.931934727247974,11.952869720876276
11680545,압구정동,1.6208356882388921,300.0069214868035,185.0939756964347,9.307173605391345,9.790080709653283,15.010888679136851,5.167122708372727,0.051687686811985135,5.318,10.722043838218397,14.254568623009355,12.151945163184976
11680565,청담동,2.218140191715166,376.55697963026364,169.7624798634088,9.278222647019739,10.07484042600046,15.209198829874596,5.105967361625187,0.04252558742972466,4.515333333333333,10.28259289138379,14.002868611493467,12.131693508409427
11680580,삼성1동,14.191860312182701,371.97365859817654,26.210352301654467,8.78223760775535,11.43476355744721,14.70090761570469,5.025101159261296,0.07605590695776372,4.1706666666666665,10.953030154933218,14.895286033097562,12.341937147670114
11680590,삼성2동,1.92078681667232,300.0207204851921,156.19678242323891,10.120157516460246,10.772873118982957,15.82396893061682,5.285305427000806,0.06860693940963232,5.169333333333333,9.204678170756457,13.08240506478063,12.112311997913856
11680600,대치1동,0.7741939981761953,195.0420953119292,251.929226746008,10.292860989482097,10.036938076182636,15.566042697189504,5.451679854672475,0.09269282814614342,4.3406666666666665,10.203731699318464,13.117679769214893,12.283732516501916
11680610,대치2동,2.194067517518663,164.39796556321247,74.92839862518682,9.933229795749495,10.718960516621358,15.035471662653979,5.130936271176514,0.07668927301298487,4.49,10.227037521573399,13.479873014359162,12.139970947712742
11680630,대치4동,1.8326335236815587,539.8417590415407,294.57158349753314,10.210137996855641,10.815875295546052,16.501377326753026,5.715019653876219,0.09083098658775239,5.838,9.936566070978813,15.547594892801618,12.061275749020016
11680640,역삼1동,4.757637200254385,590.003757809285,124.01192713427965,9.62176254053603,11.181461356290281,16.001825286007907,5.729859448779675,0.07754329152830758,5.244666666666666,10.129277150335207,17.30940591861029,12.094925791630354
11680650,역삼2동,1.5100586680186867,328.21372904066925,217.35164069572934,10.387096654672932,10.799234744882707,16.180730929523616,5.494231780319978,0.06502308805168552,5.841333333333333,8.992104229632892,16.726899060991016,12.147712686594533
11680655,도곡1동,1.4359407885729203,358.62897653640533,249.75192528155787,9.899972493723228,10.26177749672491,15.782210818845574,5.321503395090852,0.08218596755941156,4.512666666666667,9.121319346273447,14.284735848947964,12.096145422020623
11680656,도곡2동,2.8131845680160015,120.36838008299094,42.78723175560456,10.402299721358014,11.436597291419643,15.192826485062222,5.271922253280907,0.06578730420445178,4.085999999999999,9.794229687923512,14.329804981641619,11.996698854426885
11680660,개포1동,0.09282658565317131,87.86422799512266,946.5416332709947,9.31693361364419,6.940789497382035,13.792637502964668,3.938596661965529,0.03232391970057843,4.540666666666667,5.219885930253967,9.73818055390501,11.748060826256797
11680670,개포2동,0.2400142230650705,52.55731417583175,218.97583195135434,9.729119083709193,8.302250451532876,13.690964962579871,4.577645734402001,0.09492095526404305,6.302666666666667,9.506890626563028,10.934402149257469,12.188036297444075
11680690,개포4동,0.29759523024633117,148.39840117766082,498.65853379042966,9.552975683950907,8.341122221160354,14.552805727071581,4.703013994048991,0.062070143961724125,5.430666666666667,9.70725459924949,11.850764524700669,11.522753016009036
11680700,세곡동,0.006901288821596071,77.23742087964844,11191.738655821919,8.86623086187093,3.910280970199001,13.212975671361836,3.9024898440700584,0.11697236835868999,5.652,9.22397981225288,11.692168713474507,11.981953201520884
11680720,일원본동,0.0002456219352084424,108.812265891593,443007.119047619,9.178205442577767,1.2173720413949525,13.867727186727615,4.275613410074719,0.09619718309859154,3.993333333333333,8.468620580631006,12.041817340894676,12.045304143923536
11680730,일원1동,0.10468363267119375,179.62005095241116,1715.8370068852032,9.643758218198995,7.387500020833859,14.83453753999913,4.774622241520957,0.11002465776719665,4.8853333333333335,9.339677861176355,11.954896372350087,11.440810582216688
11680740,일원2동,0.0003289241829758241,70.27589298999914,213653.7738095238,9.479938933383165,1.6689761231929172,13.732292472436916,4.315214653147671,0.07587188612099643,4.318,8.190133423414537,11.195047885880633,12.07528719364291
11680750,수서동,1.234092155787164,158.61355855259424,128.5265106084584,9.06568064592639,9.275994327728291,14.132036597826964,4.443590517052594,0.12890335947905876,4.024666666666667,10.184066710283929,15.700930170503673,12.02213698677424
11710510,풍납1동,0.054385282647913494,381.34174309448963,7011.855497070215,9.348321178871426,6.438172968571789,15.291930228588011,4.133221666894677,0.0695359784801614,4.947333333333333,7.721180266158413,11.657268492084237,11.720159664346722
11710520,풍납2동,0.018986282571222965,227.09640691505683,11961.07800793301,9.140017809655442,5.181507366280653,14.565285618342287,4.359351575652568,0.0829380373554699,4.273333333333333,8.485975449891876,12.18392176495451,11.435593635100453
11710531,거여1동,0.2502095049068254,289.2712426948947,1156.1161227772513,10.049840376264743,8.66451310871934,15.71716213599245,4.785021247848196,0.08329782701320836,5.360000000000001,8.489804009973483,11.864762313658325,11.656680583415342
11710532,거여2동,0.060551234023486576,158.70630723115357,2621.0251498688644,10.554693846998482,7.750832823485565,15.621723309963066,5.204588500528674,0.1149505730032368,6.0,8.840065743529562,11.754632086852348,11.92130631815929
11710540,마천1동,0.03439423113225356,196.42863668969684,5711.092535675082,10.331913437852414,6.962961170628146,15.612180219762013,5.212360687743787,0.062017804154302664,5.208,9.23344869850133,11.279236208841324,11.234979839113869
11710550,마천2동,0.08087254358221035,290.47142236145874,3591.7186413975255,9.902210421814404,7.387898343366927,15.573665726508448,4.951175056036552,0.0743466810723209,4.939333333333333,8.92806975788422,12.21361043479865,11.759807938484304
11710561,방이1동,0.49665041302849766,232.67261712650796,468.48368796817505,10.130209437122295,9.430380936357905,15.579802139323165,5.14574388020271,0.0939843709026066,5.713333333333333,9.425066259647112,12.735485513337137,11.750557680172296
11710562,방이2동,1.5357571501850107,240.1311460714446,156.36010292546337,10.456756698880204,10.885770184950399,15.937913280933865,5.59317757440565,0.09146651801943724,6.465333333333334,9.833381023937775,14.785225259271561,11.979826369072052
11710566,오륜동,0.9562385852041697,38.845792215015294,40.62353560719493,8.657178479057725,8.61243860527156,12.316608828968429,3.741608577353623,0.11646211312700107,4.072,9.012048580677941,11.81134044782856,12.48159580866774
11710570,오금동,0.5546204065621541,257.4895890247832,464.2627389440048,10.047104648044147,9.457668076284367,15.598040792664735,4.801467463173264,0.06988780311255881,4.957333333333334,8.943278936042939,12.036468226453682,11.579546815511904
11710580,송파1동,0.6136755696512443,261.8005960337584,426.6107516428287,10.448364642120127,9.960094016785485,16.015918886953997,5.336183057521501,0.08406728031256208,5.849333333333334,9.289006719976133,12.85086294527221,11.838615977607715
11710590,송파2동,0.23829908374893247,166.16014184845835,697.2756220226244,10.310986492654756,8.876864077599073,15.423905459955796,5.16661351406972,0.10352805089647195,6.3260000000000005,9.060097415415335,11.909591875543912,11.682573720322589
11710600,석촌동,0.2716216129985983,218.26466840939887,803.5614912960745,10.407319195651933,9.104054894872,15.792997524725513,5.465956035710588,0.09084055785902752,6.148,9.464764614347398,12.676692965663586,11.90599855261472
11710610,삼전동,0.1320466966861801,220.87891803226833,1672.733385805215,10.340191842260092,8.31580452736845,15.737774349058155,5.116396456194307,0.09891873304550491,6.1419999999999995,9.321845820826848,12.35142341593598,11.818598721122878
11710620,가락본동,1.0454064393731528,324.78290046174715,310.67620040344656,10.132305692567163,10.176709712026309,15.915423001124113,5.342025340029466,0.08739591312297695,6.192666666666667,9.092243493744748,12.67793976640313,11.769959652344989
11710631,가락1동,0.1945968834688347,27.928765001935734,143.52113201447347,9.892257616242578,8.255641748384951,13.221866022241146,4.531232689924053,0.019501866607232406,2.0860000000000003,13.265655961988813,12.182357014367355,11.912322421251611
11710632,가락2동,0.210324660941866,197.49765939139917,939.013325907549,10.421568663443496,8.862577541927568,15.707265763771913,5.368067693234479,0.08780584841853988,5.817333333333334,9.13219379947843,12.107958188660993,11.721131335920212
11710641,문정1동,1.4527801703191559,222.5774932049963,153.20796480592043,10.38823830161058,10.761707784108353,15.793482971988885,5.111298249115253,0.07534878671081918,5.644,8.84673163243024,12.026477416368033,11.613224995420094
11710642,문정2동,1.536619643675857,97.69060669104212,63.575008358834644,9.465543120812336,9.895101031458843,14.047271845022156,4.569015259972286,0.07804708704159566,4.8373333333333335,10.777245179678165,13.506496421052857,11.986670420053404
11710646,장지동,0.13796214027496118,269.49071593449946,1953.3671730331187,10.046201153363368,8.065696006757696,15.642691903706016,5.073909453914201,0.08978682787146038,5.661333333333333,8.34062955855859,11.678356102320466,11.760228153268667
11710647,위례동,0.0001252478864419163,74.77142708038231,596987.5357142857,9.776910139327688,1.1653383780184348,14.091289970932142,3.9557357587412003,0.16684485252499845,9.096666666666668,7.6286869774656445,11.48671998614406,12.021601981057758
11710650,잠실본동,0.4023344612863387,285.0432061887074,708.4732569946179,10.219665632488889,9.309248229034928,15.87227008265138,5.476864861573743,0.11548728813559322,6.314666666666667,9.90394437093081,13.28172912431772,11.906129490048187
11710670,잠실2동,0.11055430831729741,57.65052193103027,521.4678903835195,9.472568260710682,7.2709386242640095,13.526891958884379,3.884434499743982,0.10899820862615406,5.374666666666666,10.320567242543518,11.408686851655187,12.74095946307143
11710680,잠실3동,0.9163957633200136,101.68480183207782,110.96166732993568,10.000707129643974,9.913404317023945,14.622540057666823,4.580749207102336,0.08673261457522877,3.9606666666666666,9.7054117377556,12.388536857742524,12.337973918564748
11710690,잠실4동,0.21240558336190868,99.04235024679667,466.28882668325485,10.209593680954546,8.660472479332373,14.80510477551418,4.89047509466651,0.11273623664749384,4.676666666666667,8.70289013496037,11.155475871968484,12.564402469399452
11710710,잠실6동,3.9391565854967303,144.07441445121194,36.57493966644234,9.309363025061812,10.680262079153984,14.279603010566696,4.929192481887791,0.11223095319439699,4.491333333333333,11.213954206997595,14.39693514919799,12.069572660515979
11710720,잠실7동,0.000594147645689954,72.0970087495314,121345.2738095238,9.474900146261987,2.1679447218495738,13.752837009525628,4.230151460293383,0.05551948051948052,3.543333333333333,8.95568197735007,10.568961208029448,11.79441056327958
11740515,강일동,0.004445799604599239,121.74914870806245,27385.208407079648,9.136925567678098,3.744943212639378,13.938781598033954,4.408559365940122,0.15323590814196245,7.242,8.181345948909021,11.459077894921105,11.95443359313599
11740520,상일동,0.027065549074896677,65.3782391491882,2415.55192426621,10.259429151808435,6.651193828004864,14.439584129649008,4.551083800009781,0.10994550408719346,6.279333333333334,8.579540759664605,11.010579558384237,11.914092460523253
11740530,명일1동,0.1416829189334302,194.1871366269506,1370.5754941298853,10.593983536714548,8.639971694166153,15.862780915022437,5.780324093346526,0.09576854645316006,7.505333333333333,9.40580276663283,12.449488458897571,11.728003510698272
11740540,명일2동,0.13713665420335305,126.03293116126697,919.0316906403381,9.838481047281453,7.85203934679635,14.674971342176,5.164203044142998,0.13011216566005177,5.664,10.530780856241197,12.768027505693029,11.82943354696471
11740550,고덕1동,0.03242524805858111,155.29702942708985,4789.3860101400705,9.66505640564289,6.238130457079909,14.710332951500812,4.469002507815707,0.11938872970391594,5.762666666666666,7.733083166306304,11.187880090863018,11.791050514213248
11740560,고덕2동,0.04125451818066081,91.84369170647464,2226.269891318932,9.29801798632948,6.1121499762575136,13.818015502932623,4.038429500106653,0.13129009265858874,7.716,9.257224504565096,11.585086087679537,12.120564864845578
11740570,암사1동,0.07842605795632653,250.605312466856,3195.434259954921,10.739685633592254,8.194341180995796,16.26354329329935,5.084130093451,0.08286700242492073,5.778666666666666,8.363607288739136,12.01599813275047,11.604588395579444
11740580,암사2동,0.12531237404272472,164.73302431815128,1314.579071512812,8.831602396420944,6.755675606357775,13.93578335743661,3.644218643348243,0.10598907710821066,5.280666666666667,9.201745292305908,12.079791117149346,11.779170905867698
11740590,암사3동,0.00032350992867376336,87.97124612943477,271927.5,9.171715802101705,1.4139590990203996,13.648623052857353,3.7406544627456264,0.08423136133714537,5.77,9.323978044701308,11.344720351398761,12.073201986953778
11740600,천호1동,0.11033429785763825,393.1117848949905,3562.9155441965413,10.577118701532008,8.373083786893032,16.55118728472457,5.235625658726957,0.09868124436429215,6.996,7.918691783357934,11.561382886841088,11.554455049089906
11740610,천호2동,0.08314364630061313,328.9950028404083,3956.947012534163,9.819483895870382,7.332897914265975,15.615472239768428,4.971043285421119,0.08670980587356893,4.903333333333333,9.488533355007766,14.506465528075152,11.650493117593577
11740620,천호3동,0.041188568009871494,281.6769328563772,6838.7163348060285,10.770555186518067,7.581449592241977,16.411295037826797,5.597475150654421,0.08933535506696993,5.979333333333333,8.492998111459414,12.124019605011785,11.717823575943088
11740640,성내1동,0.6179012618844186,299.6919871871245,485.0159817980487,10.292488608416683,9.811082958390656,15.995210072093142,5.391263075619754,0.08983763693270735,5.422000000000001,8.937494443471799,12.547186792345649,11.471442140708547
11740650,성내2동,0.07670542721589145,353.19412051611755,4604.551898551248,10.55795633805579,7.990486264431955,16.4249482476514,5.5236238086641976,0.07941483803552768,5.930666666666667,8.664307574585806,12.53638186916354,11.695990634104872
11740660,성내3동,0.19090973251464463,294.2442185992895,1541.2740603820087,10.463702846486617,8.807869287242417,16.148084486846127,5.609014310207392,0.07692554145841342,5.666,9.304182093191406,12.599192522522493,11.641275876125409
11740685,길동,0.18490244137909173,376.09916526535574,2034.0411000537713,10.252631282351654,8.564859788754148,16.182448956934795,5.35290513210006,0.09134233518665609,6.106,8.712118664312438,12.451659909959538,11.625137455577157
11740700,둔촌2동,0.09889145973190815,286.9786167416194,2901.9555128381166,9.669932972032173,7.356775876031008,15.329277742886086,4.842370730556423,0.07227130236534625,4.720000000000001,8.260657714886806,12.00790231354169,11.481922467046612
