연도,분기,행정동_코드,행정동_코드_명,Y_pred,rank_current
2025,3,11680640,역삼1동,1.661414551137291,1
2025,3,11530540,구로3동,1.4387688122233095,2
2025,3,11440660,서교동,1.3035709638398043,3
2025,3,11140520,소공동,1.2822344181203993,4
2025,3,11545510,가산동,1.2793704626524391,5
2025,3,11680630,대치4동,1.2374356311009416,6
2025,3,11140550,명동,1.2277037956971217,7
2025,3,11710562,방이2동,1.1875761233275821,8
2025,3,11140540,회현동,1.1799423364806938,9
2025,3,11110615,종로1234가동,1.1500179361237477,10
2025,3,11680650,역삼2동,1.1044338030551515,11
2025,3,11680521,논현1동,1.089935516721858,12
2025,3,11140605,을지로동,1.087221046405253,13
2025,3,11650520,서초2동,1.0620538856342157,14
2025,3,11680531,논현2동,0.9535031218475004,15
2025,3,11560535,영등포동,0.9497672275984334,16
2025,3,11650530,서초3동,0.9172543752153983,17
2025,3,11680580,삼성1동,0.9135839259958858,18
2025,3,11680545,압구정동,0.9125800532054791,19
2025,3,11650531,서초4동,0.9020587358068837,20
2025,3,11170625,한강로동,0.8972874647032957,21
2025,3,11680510,신사동,0.8808015810229881,22
2025,3,11560605,문래동,0.866516937591727,23
2025,3,11230545,제기동,0.8446293694692517,24
2025,3,11110530,사직동,0.8440100352239311,25
2025,3,11710650,잠실본동,0.8277351345949825,26
2025,3,11560540,여의동,0.8243177881456332,27
2025,3,11680565,청담동,0.8230154639769031,28
2025,3,11680656,도곡2동,0.7792380300347425,29
2025,3,11710642,문정2동,0.7747694410754854,30
2025,3,11200690,성수2가3동,0.7685790007229452,31
2025,3,11140590,광희동,0.7586881962052439,32
2025,3,11560550,당산1동,0.7468534984568085,33
2025,3,11680610,대치2동,0.7458391812415757,34
2025,3,11350640,상계2동,0.7437179691643967,35
2025,3,11740685,길동,0.7262316323391592,36
2025,3,11710710,잠실6동,0.7231201126821399,37
2025,3,11470510,목1동,0.6852942210523549,38
2025,3,11710600,석촌동,0.6740184995777463,39
2025,3,11260590,상봉2동,0.6692382908523451,40
2025,3,11170650,이태원1동,0.6688812555564944,41
2025,3,11200660,성수1가2동,0.6605917057396724,42
2025,3,11530560,구로5동,0.6546421627358721,43
2025,3,11305635,수유3동,0.6541226244721583,44
2025,3,11440555,아현동,0.6402566016184398,45
2025,3,11680590,삼성2동,0.6334526788618454,46
2025,3,11740530,명일1동,0.6333587030583332,47
2025,3,11710580,송파1동,0.6295326431155738,48
2025,3,11500520,등촌1동,0.6279497587921442,49
2025,3,11500603,가양1동,0.6131694346918586,50
2025,3,11740610,천호2동,0.6014213904602962,51
2025,3,11680655,도곡1동,0.5888124416805985,52
2025,3,11650581,반포4동,0.5859510951971475,53
2025,3,11500611,발산1동,0.5705240438179188,54
2025,3,11590680,신대방2동,0.5621621426183485,55
2025,3,11650600,방배1동,0.5412369069853605,56
2025,3,11110630,종로56가동,0.5396748179677775,57
2025,3,11740660,성내3동,0.5373131780052193,58
2025,3,11710620,가락본동,0.5354985286469696,59
2025,3,11440710,연남동,0.5349553763546516,60
2025,3,11230650,장안1동,0.5334648155333828,61
2025,3,11500540,화곡1동,0.5312590568587018,62
2025,3,11440590,용강동,0.5297734929731018,63
2025,3,11680600,대치1동,0.5201409658827377,64
2025,3,11740650,성내2동,0.5117221684560948,65
2025,3,11170530,남영동,0.5115394909956806,66
2025,3,11215710,화양동,0.5092379004406957,67
2025,3,11590520,노량진2동,0.5081919259749936,68
2025,3,11440585,도화동,0.5070857808563518,69
2025,3,11650560,반포1동,0.5064194424006856,70
2025,3,11470650,신정4동,0.503840103263873,71
2025,3,11620695,신림동,0.5001374538790586,72
2025,3,11320515,창5동,0.498680846241803,73
2025,3,11230660,장안2동,0.49784946693312715,74
2025,3,11590620,사당1동,0.49133665505531643,75
2025,3,11215870,구의3동,0.47405074694370863,76
2025,3,11230536,용신동,0.4664328332354044,77
2025,3,11440680,합정동,0.4654289155750325,78
2025,3,11140615,신당동,0.45392809689405245,79
2025,3,11650540,잠원동,0.4507031444566969,80
2025,3,11545610,독산1동,0.44602724048612363,81
2025,3,11650510,서초1동,0.4392362489954572,82
2025,3,11620645,서원동,0.437833010914494,83
2025,3,11290575,동선동,0.43406496209609646,84
2025,3,11410585,신촌동,0.4136308452267605,85
2025,3,11350595,공릉1동,0.409215753799378,86
2025,3,11440610,염리동,0.3954945597237609,87
2025,3,11740640,성내1동,0.39517162828314034,88
2025,3,11380570,대조동,0.3951670327307796,89
2025,3,11710610,삼전동,0.3946207203482911,90
2025,3,11140670,황학동,0.385854865460599,91
2025,3,11620725,조원동,0.3856664264246754,92
2025,3,11545670,시흥1동,0.3802273669112024,93
2025,3,11740540,명일2동,0.37724670075647615,94
2025,3,11710561,방이1동,0.36659683433103774,95
2025,3,11530550,구로4동,0.35587207754329064,96
2025,3,11530530,구로2동,0.3546671202372351,97
2025,3,11350695,상계67동,0.3536759389848487,98
2025,3,11440690,망원1동,0.35254449168813873,99
2025,3,11590510,노량진1동,0.35137035937365124,100
2025,3,11500535,등촌3동,0.3492799574289176,101
2025,3,11500630,방화1동,0.3394279840195231,102
2025,3,11215850,구의1동,0.3348695964411035,103
2025,3,11560710,대림2동,0.33374292484639645,104
2025,3,11305595,번1동,0.332279178368334,105
2025,3,11620595,청룡동,0.32657163814173695,106
2025,3,11560720,대림3동,0.3189462793512735,107
2025,3,11110650,혜화동,0.3083116598401364,108
2025,3,11620615,중앙동,0.3060254802207212,109
2025,3,11170685,한남동,0.30595475082413137,110
2025,3,11470550,목5동,0.30591806236920405,111
2025,3,11650590,방배본동,0.3057671827259816,112
2025,3,11530720,고척1동,0.30180700817222184,113
2025,3,11560560,당산2동,0.2981464966162214,114
2025,3,11710632,가락2동,0.2975074389467164,115
2025,3,11215820,자양1동,0.29637725940397797,116
2025,3,11650610,방배2동,0.29618166168688165,117
2025,3,11740620,천호3동,0.2921677119067342,118
2025,3,11200560,행당1동,0.2894157301399499,119
2025,3,11200535,왕십리도선동,0.2875363266894636,120
2025,3,11215730,군자동,0.2811058039102893,121
2025,3,11380600,응암3동,0.26754328984044307,122
2025,3,11215740,중곡1동,0.2660979548830512,123
2025,3,11110670,창신1동,0.2587325225440442,124
2025,3,11440565,공덕동,0.25561694727873185,125
2025,3,11650621,방배4동,0.25143845726920255,126
2025,3,11710641,문정1동,0.25033614152060135,127
2025,3,11620575,행운동,0.2459073618431838,128
2025,3,11470530,목3동,0.24250023771116316,129
2025,3,11500560,화곡3동,0.23260835127187757,130
2025,3,11710680,잠실3동,0.22875195711957436,131
2025,3,11290555,삼선동,0.22725697728864672,132
2025,3,11305535,미아동,0.22656616849481984,133
2025,3,11680750,수서동,0.2216350089032946,134
2025,3,11260565,면목본동,0.22070707831034125,135
2025,3,11380580,응암1동,0.21842136744286952,136
2025,3,11710570,오금동,0.21816694605517362,137
2025,3,11320690,방학1동,0.21044674704896038,138
2025,3,11710631,가락1동,0.20624212492997918,139
2025,3,11500591,화곡6동,0.20579341762407738,140
2025,3,11410615,연희동,0.19558589771711762,141
2025,3,11380625,역촌동,0.19293524330827394,142
2025,3,11740570,암사1동,0.1874113199712449,143
2025,3,11305545,송중동,0.18683202722351244,144
2025,3,11230600,답십리1동,0.18409107659844115,145
2025,3,11440600,대흥동,0.17497612709937038,146
2025,3,11215847,자양4동,0.1748077234145359,147
2025,3,11200670,성수2가1동,0.17160691775881037,148
2025,3,11500510,염창동,0.1686939591230608,149
2025,3,11470630,신정2동,0.1666321876901153,150
2025,3,11500615,우장산동,0.14665159336149217,151
2025,3,11170560,원효로1동,0.14115476148659364,152
2025,3,11560620,양평2동,0.14110352535873436,153
2025,3,11500590,화곡본동,0.1378540914681495,154
2025,3,11710590,송파2동,0.13115652798842917,155
2025,3,11590530,상도1동,0.12956854096535922,156
2025,3,11230560,전농1동,0.12898236455910594,157
2025,3,11560515,영등포본동,0.1265928314453031,158
2025,3,11380552,갈현2동,0.12505221687770868,159
2025,3,11560610,양평1동,0.12021810914246209,160
2025,3,11215750,중곡2동,0.11173604383431625,161
2025,3,11170590,용문동,0.10967662726155399,162
2025,3,11620625,인헌동,0.10965480214817767,163
2025,3,11560700,대림1동,0.10524951966249582,164
2025,3,11410700,남가좌2동,0.10396617732952594,165
2025,3,11470540,목4동,0.10172528971746463,166
2025,3,11110710,숭인2동,0.10065715191208742,167
2025,3,11470620,신정1동,0.09649693702459636,168
2025,3,11140635,약수동,0.08098706397164168,169
2025,3,11620605,은천동,0.08066508523870826,170
2025,3,11290600,안암동,0.07888517657773696,171
2025,3,11440655,서강동,0.07767773644011972,172
2025,3,11140625,다산동,0.07379964937990614,173
2025,3,11590660,대방동,0.0729502926867049,174
2025,3,11290685,길음2동,0.07240302855416463,175
2025,3,11560680,신길6동,0.07213377685494553,176
2025,3,11740600,천호1동,0.07021111559966195,177
2025,3,11620525,보라매동,0.06381689353225635,178
2025,3,11590550,상도3동,0.05916415199841722,179
2025,3,11530750,개봉2동,0.05718781693335593,180
2025,3,11380551,갈현1동,0.05667810150123374,181
2025,3,11410720,북가좌2동,0.054481815866842684,182
2025,3,11500593,화곡8동,0.053027437697786596,183
2025,3,11680690,개포4동,0.05159746726683914,184
2025,3,11320670,쌍문2동,0.05037593739623049,185
2025,3,11110600,가회동,0.05032659536788845,186
2025,3,11545630,독산3동,0.049963314650222856,187
2025,3,11470560,신월1동,0.04709246158608734,188
2025,3,11650651,양재1동,0.04536673371480935,189
2025,3,11230710,회기동,0.04436435531801331,190
2025,3,11620585,낙성대동,0.04207735757285129,191
2025,3,11260630,묵2동,0.03876250626499971,192
2025,3,11620685,신사동,0.03673756616345276,193
2025,3,11170555,청파동,0.03547560484070672,194
2025,3,11140650,신당5동,0.035368984871293536,195
2025,3,11500570,화곡4동,0.03177831992557475,196
2025,3,11350625,중계23동,0.028004007736272634,197
2025,3,11290705,종암동,0.027313514479048874,198
2025,3,11530510,신도림동,0.02701521373410852,199
2025,3,11740560,고덕2동,0.024966959195974716,200
2025,3,11410640,홍제3동,0.02237283058752942,201
2025,3,11305555,송천동,0.01437231031633663,202
2025,3,11140570,필동,0.013819012414695922,203
2025,3,11260580,상봉1동,0.009760881970891772,204
2025,3,11110640,이화동,0.006164539766288171,205
2025,3,11470520,목2동,0.0033956605147521805,206
2025,3,11215840,자양3동,0.0033279852165819094,207
2025,3,11650652,양재2동,0.0012343404122011489,208
2025,3,11710532,거여2동,-0.0038485974364708326,209
2025,3,11440730,성산2동,-0.004514009945431864,210
2025,3,11290810,석관동,-0.009219727500435444,211
2025,3,11320680,쌍문3동,-0.016817812543088864,212
2025,3,11260655,망우본동,-0.018256019202941835,213
2025,3,11350624,중계4동,-0.021545490277980313,214
2025,3,11260610,중화2동,-0.023042044332655106,215
2025,3,11230740,이문1동,-0.024620251860760643,216
2025,3,11410690,남가좌1동,-0.025186082868577132,217
2025,3,11230610,답십리2동,-0.0255809008781135,218
2025,3,11440700,망원2동,-0.027533224220877763,219
2025,3,11590540,상도2동,-0.028867622225338514,220
2025,3,11140680,중림동,-0.033509605450906636,221
2025,3,11230720,휘경1동,-0.03773806399016211,222
2025,3,11590630,사당2동,-0.04155157930553205,223
2025,3,11560630,신길1동,-0.044442339698998384,224
2025,3,11380510,녹번동,-0.04879140105008947,225
2025,3,11260620,묵1동,-0.05157891327989362,226
2025,3,11230705,청량리동,-0.062843020040135,227
2025,3,11680730,일원1동,-0.06395335641486435,228
2025,3,11260520,면목2동,-0.06463612777396076,229
2025,3,11215860,구의2동,-0.06497197893467435,230
2025,3,11440720,성산1동,-0.06702876789715449,231
2025,3,11650580,반포3동,-0.07440567684832365,232
2025,3,11290725,월곡2동,-0.0777048656579513,233
2025,3,11530770,오류1동,-0.08058617643925045,234
2025,3,11410565,충현동,-0.08406434298064769,235
2025,3,11260575,면목38동,-0.09175001999429612,236
2025,3,11140665,동화동,-0.09635757092032757,237
2025,3,11305625,수유2동,-0.10312660326577441,238
2025,3,11260690,신내2동,-0.10625047725105305,239
2025,3,11305615,수유1동,-0.11335766138611647,240
2025,3,11260570,면목7동,-0.11488511989429678,241
2025,3,11290660,길음1동,-0.11520540473684503,242
2025,3,11710550,마천2동,-0.11826578478032011,243
2025,3,11200550,사근동,-0.11839934349706549,244
2025,3,11470590,신월4동,-0.1244655140751617,245
2025,3,11320514,창4동,-0.1317936788213048,246
2025,3,11590650,사당4동,-0.1324275146040005,247
2025,3,11215810,광장동,-0.13902428053239319,248
2025,3,11320511,창1동,-0.15239234719762518,249
2025,3,11215760,중곡3동,-0.15542943531831813,250
2025,3,11530740,개봉1동,-0.15587589586112646,251
2025,3,11350621,중계1동,-0.16057166928927266,252
2025,3,11440740,상암동,-0.16098288653829673,253
2025,3,11470610,신월6동,-0.16142930060003152,254
2025,3,11680670,개포2동,-0.16221688293932351,255
2025,3,11710646,장지동,-0.16368676525595238,256
2025,3,11500550,화곡2동,-0.1646402091361047,257
2025,3,11545620,독산2동,-0.1683539703238413,258
2025,3,11560650,신길3동,-0.17035513328831814,259
2025,3,11215780,능동,-0.1725354265770268,260
2025,3,11350670,상계5동,-0.17600895311778597,261
2025,3,11290715,월곡1동,-0.1778832330208029,262
2025,3,11470680,신정7동,-0.18310511844530095,263
2025,3,11200540,마장동,-0.1845306699268926,264
2025,3,11200520,왕십리2동,-0.18661733023553306,265
2025,3,11380631,신사1동,-0.19203450672412795,266
2025,3,11620655,신원동,-0.1934561013752159,267
2025,3,11290610,보문동,-0.20404055323000678,268
2025,3,11320700,방학2동,-0.21395941887140307,269
2025,3,11350619,중계본동,-0.2164120495743903,270
2025,3,11590670,신대방1동,-0.21821995235760958,271
2025,3,11350560,월계1동,-0.22123915022200655,272
2025,3,11170570,원효로2동,-0.22154725176755877,273
2025,3,11710670,잠실2동,-0.2217220488406463,274
2025,3,11170520,용산2가동,-0.2270638472981099,275
2025,3,11740700,둔촌2동,-0.22789664713882427,276
2025,3,11200790,용답동,-0.23055424898380178,277
2025,3,11200650,성수1가1동,-0.23107806447972437,278
2025,3,11410620,홍제1동,-0.23283294563556167,279
2025,3,11380530,불광2동,-0.23949475077967583,280
2025,3,11530730,고척2동,-0.2400274198719413,281
2025,3,11215770,중곡4동,-0.24067400568464792,282
2025,3,11260600,중화1동,-0.24078009973689676,283
2025,3,11530595,가리봉동,-0.24775609631536388,284
2025,3,11215830,자양2동,-0.2506885958871439,285
2025,3,11620765,미성동,-0.25368197957657046,286
2025,3,11350611,하계1동,-0.2538636501634043,287
2025,3,11170510,후암동,-0.2684540958838696,288
2025,3,11590605,흑석동,-0.268696680565094,289
2025,3,11110540,삼청동,-0.27490900670081675,290
2025,3,11380520,불광1동,-0.27547195164978955,291
2025,3,11560585,도림동,-0.27562061944477334,292
2025,3,11620665,서림동,-0.28115253997255996,293
2025,3,11545640,독산4동,-0.2879850529891451,294
2025,3,11620775,난곡동,-0.29465268056576954,295
2025,3,11440630,신수동,-0.2959555748528053,296
2025,3,11710531,거여1동,-0.29991561025775937,297
2025,3,11200615,금호23가동,-0.3002126481267353,298
2025,3,11530760,개봉3동,-0.30655615922158763,299
2025,3,11200620,금호4가동,-0.3088310680673476,300
2025,3,11290770,장위2동,-0.31400010869730055,301
2025,3,11740520,상일동,-0.31671345390228645,302
2025,3,11710647,위례동,-0.3191438969251408,303
2025,3,11305575,삼각산동,-0.32025921616493147,304
2025,3,11260680,신내1동,-0.32619346437020114,305
2025,3,11470600,신월5동,-0.32778375627578793,306
2025,3,11110580,교남동,-0.33281864490397317,307
2025,3,11410660,홍은1동,-0.3332815616219539,308
2025,3,11170660,이태원2동,-0.34142296626595225,309
2025,3,11140580,장충동,-0.3422713919354978,310
2025,3,11320512,창2동,-0.34277119286835334,311
2025,3,11560660,신길4동,-0.34719102408958136,312
2025,3,11740590,암사3동,-0.35143261820429317,313
2025,3,11560690,신길7동,-0.3552345242947219,314
2025,3,11710540,마천1동,-0.3590661622492263,315
2025,3,11410555,북아현동,-0.3647140127238786,316
2025,3,11470570,신월2동,-0.36750454693755963,317
2025,3,11350710,상계9동,-0.36752876343626095,318
2025,3,11350630,상계1동,-0.37444550293953494,319
2025,3,11470640,신정3동,-0.3813038533258142,320
2025,3,11290525,성북동,-0.3860253257028342,321
2025,3,11380590,응암2동,-0.4005666530152535,322
2025,3,11500604,가양2동,-0.40132134986260914,323
2025,3,11545710,시흥5동,-0.4133454825291507,324
2025,3,11410685,홍은2동,-0.41429669014088233,325
2025,3,11590560,상도4동,-0.41473834254909514,326
2025,3,11290630,정릉2동,-0.4155003913781914,327
2025,3,11650570,반포2동,-0.4164847136995403,328
2025,3,11320522,도봉2동,-0.4206393493012781,329
2025,3,11290620,정릉1동,-0.4232866106417653,330
2025,3,11740580,암사2동,-0.423486740554851,331
2025,3,11380640,증산동,-0.4269506535748554,332
2025,3,11110680,창신2동,-0.4305218661019796,333
2025,3,11140645,청구동,-0.43390619930732266,334
2025,3,11590640,사당3동,-0.43463396555981026,335
2025,3,11350700,상계8동,-0.4370500191157286,336
2025,3,11305534,삼양동,-0.43941996731352684,337
2025,3,11620630,남현동,-0.4511645893925138,338
2025,3,11110515,청운효자동,-0.4671871796336188,339
2025,3,11470670,신정6동,-0.4753898256758923,340
2025,3,11320681,쌍문4동,-0.47968117446828995,341
2025,3,11650620,방배3동,-0.4881894157888832,342
2025,3,11410655,홍제2동,-0.4934740217101219,343
2025,3,11260550,면목5동,-0.494329319543901,344
2025,3,11200645,옥수동,-0.49438710534552543,345
2025,3,11470611,신월7동,-0.49626164070150225,346
2025,3,11350600,공릉2동,-0.49811339660211174,347
2025,3,11380560,구산동,-0.5108509814170811,348
2025,3,11470580,신월3동,-0.5132371047408043,349
2025,3,11320513,창3동,-0.5178062177341395,350
2025,3,11500530,등촌2동,-0.5310818222825522,351
2025,3,11230730,휘경2동,-0.5312395529386419,352
2025,3,11710690,잠실4동,-0.5317288601469057,353
2025,3,11500620,공항동,-0.5403299901830885,354
2025,3,11545700,시흥4동,-0.5464265967037956,355
2025,3,11530520,구로1동,-0.5506880982715553,356
2025,3,11500640,방화2동,-0.5552113565863326,357
2025,3,11620565,성현동,-0.5582228574321023,358
2025,3,11260540,면목4동,-0.5589360134216028,359
2025,3,11290760,장위1동,-0.5593643537673025,360
2025,3,11380650,수색동,-0.5593688801760945,361
2025,3,11500605,가양3동,-0.5807587592470241,362
2025,3,11560670,신길5동,-0.5908111577243486,363
2025,3,11170630,이촌1동,-0.592032285616762,364
2025,3,11590651,사당5동,-0.5958080107787352,365
2025,3,11200590,금호1가동,-0.6057412909367147,366
2025,3,11530780,오류2동,-0.6177713025848548,367
2025,3,11290780,장위3동,-0.6245312068403522,368
2025,3,11680700,세곡동,-0.6253327504213017,369
2025,3,11260660,망우3동,-0.6262417135848247,370
2025,3,11230750,이문2동,-0.6275491709422998,371
2025,3,11305660,인수동,-0.6330590229515998,372
2025,3,11410520,천연동,-0.6336112090489004,373
2025,3,11380690,진관동,-0.6433248447278692,374
2025,3,11170580,효창동,-0.6451451145153084,375
2025,3,11620545,청림동,-0.645437898233959,376
2025,3,11380632,신사2동,-0.6491587749146017,377
2025,3,11680720,일원본동,-0.6693177405834662,378
2025,3,11410710,북가좌1동,-0.6732668047831638,379
2025,3,11110570,무악동,-0.6871240951125878,380
2025,3,11740515,강일동,-0.6930338516947755,381
2025,3,11710510,풍납1동,-0.6931946501206525,382
2025,3,11305608,번3동,-0.6994310716269514,383
2025,3,11320660,쌍문1동,-0.7055819083236937,384
2025,3,11545690,시흥3동,-0.7069201608002214,385
2025,3,11110700,숭인1동,-0.7082486016889287,386
2025,3,11290590,돈암2동,-0.71108244121971,387
2025,3,11740550,고덕1동,-0.7158730502181408,388
2025,3,11290580,돈암1동,-0.7375773050100882,389
2025,3,11500641,방화3동,-0.7406357419965779,390
2025,3,11290650,정릉4동,-0.7692102677396924,391
2025,3,11320710,방학3동,-0.7694211279771409,392
2025,3,11230570,전농2동,-0.7726712268794136,393
2025,3,11620735,대학동,-0.7906827995438607,394
2025,3,11350580,월계3동,-0.795554831823826,395
2025,3,11200570,행당2동,-0.7983341714959459,396
2025,3,11320521,도봉1동,-0.8059756947824352,397
2025,3,11545680,시흥2동,-0.8102849943835007,398
2025,3,11350665,상계34동,-0.8344987558368959,399
2025,3,11305645,우이동,-0.8516685884810986,400
2025,3,11710520,풍납2동,-0.8757971945262292,401
2025,3,11200720,송정동,-0.8801970107906771,402
2025,3,11530790,수궁동,-0.8841879591504493,403
2025,3,11170700,보광동,-0.8954156943335255,404
2025,3,11170690,서빙고동,-0.9408349514375884,405
2025,3,11620715,난향동,-0.9510073737564191,406
2025,3,11350720,상계10동,-0.9625628130670514,407
2025,3,11710566,오륜동,-0.9813575348948643,408
2025,3,11680740,일원2동,-1.0110192879456528,409
2025,3,11110550,부암동,-1.0199867185880407,410
2025,3,11350612,하계2동,-1.0443406540791544,411
2025,3,11170640,이촌2동,-1.073113209975003,412
2025,3,11290640,정릉3동,-1.08755436950436,413
2025,3,11200580,응봉동,-1.0878679934185251,414
2025,3,11110560,평창동,-1.1217588898402386,415
2025,3,11305603,번2동,-1.141493164522521,416
2025,3,11620745,삼성동,-1.1610992449653086,417
2025,3,11350570,월계2동,-1.2584315143390987,418
2025,3,11530800,항동,-1.3402252326506126,419
2025,3,11710720,잠실7동,-1.4363370810489302,420
2025,3,11650660,내곡동,-1.489957120865731,421
2025,3,11680660,개포1동,-1.5598772104609822,422
2025,3,11650550,반포본동,-1.630479706734876,423
2025,3,11110690,창신3동,-1.8025410913524158,424
