행정동_코드,행정동_코드_명,Y,순위_실제,pred_h1_y,pred_h1_rank,rank_change_h1,pred_h2_y,pred_h2_rank,rank_change_h2,pred_h3_y,pred_h3_rank,rank_change_h3,pred_h4_y,pred_h4_rank,rank_change_h4
11680640,역삼1동,1.734939741,1,1.753457674,1,0,1.661414551,1,0,1.723823112,1,0,1.65522041,1,0
11530540,구로3동,1.573833603,2,1.446989876,2,0,1.438768812,2,0,1.427717031,2,0,1.398619235,2,0
11680630,대치4동,1.434920917,3,1.248567648,5,-2,1.237435631,6,-3,1.252931178,6,-3,1.343447102,4,-1
11140520,소공동,1.41801294,4,1.269915044,4,0,1.282234418,4,0,1.278320612,4,0,1.229980091,7,-3
11560605,문래동,1.379675147,5,0.81720397,27,-22,0.866516938,23,-18,0.895161882,21,-16,0.803881996,28,-23
11140540,회현동,1.351609087,6,1.223187667,6,0,1.179942336,9,-3,1.218792614,8,-2,1.233657917,6,0
11710562,방이2동,1.332182522,7,1.185904025,9,-2,1.187576123,8,-1,1.184162566,9,-2,1.174576948,10,-3
11680650,역삼2동,1.331686805,8,1.112096906,11,-3,1.104433803,11,-3,1.074919223,12,-4,1.11847398,11,-3
11140550,명동,1.296444795,9,1.190573986,8,1,1.227703796,7,2,1.246792334,7,2,1.261064342,5,4
11440660,서교동,1.296192128,10,1.356404247,3,7,1.303570964,3,7,1.347777579,3,7,1.34635823,3,7
11545510,가산동,1.1910283,11,1.220432567,7,4,1.279370463,5,6,1.267458917,5,6,1.195961009,9,2
11140605,을지로동,1.186211522,12,1.039822402,14,-2,1.087221046,13,-1,1.115334282,11,1,1.111458204,12,0
11110615,종로1234가동,1.175731966,13,1.150709709,10,3,1.150017936,10,3,1.182991945,10,3,1.227515487,8,5
11650520,서초2동,1.117569493,14,1.034066353,15,-1,1.062053886,14,0,1.074522571,13,1,1.06391183,15,-1
11680521,논현1동,1.097320749,15,1.079210915,12,3,1.089935517,12,3,1.048739874,15,0,1.085001612,14,1
11650531,서초4동,1.04213079,16,0.872049254,23,-7,0.902058736,20,-4,0.874873899,23,-7,0.883124095,20,-4
11680545,압구정동,1.012857971,17,0.989307901,16,1,0.912580053,19,-2,1.002715994,16,1,0.991381346,16,1
11560535,영등포동,0.93971031,18,1.077476174,13,5,0.949767228,16,2,1.058954333,14,4,1.109624774,13,5
11170625,한강로동,0.925771069,19,0.952086947,17,2,0.897287465,21,-2,0.97607762,17,2,0.985144547,17,2
11230545,제기동,0.904269591,20,0.709357729,37,-17,0.844629369,24,-4,0.738670165,34,-14,0.785394524,30,-10
11680531,논현2동,0.902654269,21,0.908983996,20,1,0.953503122,15,6,0.912712069,19,2,0.937450396,18,3
11200690,성수2가3동,0.902533178,22,0.843122393,25,-3,0.768579001,31,-9,0.794001082,28,-6,0.753532197,31,-9
11710710,잠실6동,0.90008984,23,0.813049522,28,-5,0.723120113,37,-14,0.807586019,26,-3,0.746499064,33,-10
11710650,잠실본동,0.89834415,24,0.862920121,24,0,0.827735135,26,-2,0.947999377,18,6,0.844591987,23,1
11680510,신사동,0.868404794,25,0.923489959,18,7,0.880801581,22,3,0.907793904,20,5,0.857541697,21,4
11650530,서초3동,0.867170474,26,0.875919164,22,4,0.917254375,17,9,0.876665358,22,4,0.884689636,19,7
11110530,사직동,0.851958027,27,0.781703718,29,-2,0.844010035,25,2,0.758459911,32,-5,0.82046505,25,2
11200660,성수1가2동,0.827284237,28,0.682002341,38,-10,0.660591706,42,-14,0.567186209,54,-26,0.591280201,50,-22
11680565,청담동,0.820431599,29,0.822835887,26,3,0.823015464,28,1,0.780102584,31,-2,0.80897312,27,2
11710600,석촌동,0.798482506,30,0.668388875,41,-11,0.6740185,39,-9,0.675094731,38,-8,0.67035452,41,-11
11650600,방배1동,0.79439911,31,0.546659363,59,-28,0.541236907,56,-25,0.459630242,75,-44,0.51287883,65,-34
11170650,이태원1동,0.781007786,32,0.680902141,39,-7,0.668881256,41,-9,0.671022002,39,-7,0.68974379,38,-6
11680580,삼성1동,0.779577902,33,0.91408596,19,14,0.913583926,18,15,0.838772576,24,9,0.853018644,22,11
11560540,여의동,0.779326262,34,0.879498747,21,13,0.824317788,27,7,0.809548271,25,9,0.829141396,24,10
11710642,문정2동,0.759872551,35,0.770528623,32,3,0.774769441,30,5,0.796961764,27,8,0.752165881,32,3
11350640,상계2동,0.759425135,36,0.734540426,35,1,0.743717969,35,1,0.638398376,44,-8,0.625511948,45,-9
11500603,가양1동,0.752960273,37,0.64048276,45,-8,0.613169435,50,-13,0.649432604,41,-4,0.68094021,40,-3
11680590,삼성2동,0.73770752,38,0.583948931,52,-14,0.633452679,46,-8,0.611838061,48,-10,0.611298774,47,-9
11440710,연남동,0.722766766,39,0.549889779,58,-19,0.534955376,60,-21,0.535547086,60,-21,0.498080661,68,-29
11140590,광희동,0.720442654,40,0.772785593,31,9,0.758688196,32,8,0.785093423,30,10,0.817493556,26,14
11260590,상봉2동,0.720415456,41,0.595490995,50,-9,0.669238291,40,1,0.652085962,40,1,0.582688496,51,-10
11560550,당산1동,0.720296005,42,0.778956902,30,12,0.746853498,33,9,0.791024713,29,13,0.803782284,29,13
11215710,화양동,0.718764565,43,0.524089496,64,-21,0.5092379,67,-24,0.516197416,65,-22,0.477964188,73,-30
11710580,송파1동,0.70798249,44,0.652196591,43,1,0.629532643,48,-4,0.638682712,43,1,0.642409606,43,1
11680610,대치2동,0.707876322,45,0.766714865,33,12,0.745839181,34,11,0.736821788,35,10,0.717603019,36,9
11320515,창5동,0.703891344,46,0.487995783,71,-25,0.498680846,73,-27,0.596328686,49,-3,0.567635436,53,-7
11650540,잠원동,0.697093705,47,0.482930377,72,-25,0.450703144,80,-33,0.506360098,67,-20,0.481724716,72,-25
11620695,신림동,0.669197289,48,0.525618751,63,-15,0.500137454,72,-24,0.533337299,61,-13,0.439780978,82,-34
11680656,도곡2동,0.664967041,49,0.766425582,34,15,0.77923803,29,20,0.702727066,36,13,0.725070565,34,15
11305635,수유3동,0.655098068,50,0.719716031,36,14,0.654122624,44,6,0.643926883,42,8,0.719384848,35,15
11650581,반포4동,0.652703931,51,0.573412413,53,-2,0.585951095,53,-2,0.53711777,59,-8,0.541332587,58,-7
11440590,용강동,0.644818924,52,0.560541162,56,-4,0.529773493,63,-11,0.551953472,57,-5,0.532840395,61,-9
11590680,신대방2동,0.642443994,53,0.634189766,46,7,0.562162143,55,-2,0.571461269,53,0,0.53274213,62,-9
11215870,구의3동,0.641824794,54,0.465452346,75,-21,0.474050747,76,-22,0.500315896,69,-15,0.500288116,67,-13
11710620,가락본동,0.62477593,55,0.567417716,54,1,0.535498529,59,-4,0.485152525,71,-16,0.522238928,63,-8
11230650,장안1동,0.623504677,56,0.519005723,65,-9,0.533464816,61,-5,0.52242761,64,-8,0.562171718,55,1
11440690,망원1동,0.614763702,57,0.410741037,86,-29,0.352544492,99,-42,0.380779046,94,-37,0.369533864,94,-37
11470510,목1동,0.596396954,58,0.674471874,40,18,0.685294221,38,20,0.623070405,46,12,0.618628481,46,12
11530560,구로5동,0.590944954,59,0.601692557,49,10,0.654642163,43,16,0.618437738,47,12,0.660989323,42,17
11680655,도곡1동,0.583256701,60,0.537670245,60,0,0.588812442,52,8,0.542032413,58,2,0.516707966,64,-4
11200535,왕십리도선동,0.576520154,61,0.31296527,109,-48,0.287536327,120,-59,0.34868756,103,-42,0.281010423,117,-56
11500611,발산1동,0.574540407,62,0.557211042,57,5,0.570524044,54,8,0.565352092,55,7,0.565581567,54,8
11470630,신정2동,0.5730615,63,0.202668148,142,-79,0.166632188,150,-87,0.0874571461,169,-106,0.108982039,158,-95
11560720,대림3동,0.566499821,64,0.404243342,88,-24,0.318946279,107,-43,0.376106751,96,-32,0.353977477,98,-34
11215820,자양1동,0.565689983,65,0.303030761,111,-46,0.296377259,116,-51,0.308087773,108,-43,0.320511287,106,-41
11740660,성내3동,0.559690225,66,0.496749465,69,-3,0.537313178,58,8,0.524648367,63,3,0.508714876,66,0
11470650,신정4동,0.552133992,67,0.488623976,70,-3,0.503840103,71,-4,0.480748526,73,-6,0.46840318,75,-8
11290575,동선동,0.538949471,68,0.407639536,87,-19,0.434064962,84,-16,0.422020407,85,-17,0.458197944,77,-9
11170530,남영동,0.532589828,69,0.514872252,66,3,0.511539491,66,3,0.457541727,76,-7,0.495685507,69,0
11740685,길동,0.529736613,70,0.661033846,42,28,0.726231632,36,34,0.745858206,33,37,0.702068439,37,33
11500540,화곡1동,0.522684219,71,0.498182896,67,4,0.531259057,62,9,0.506969645,66,5,0.55636719,56,15
11590620,사당1동,0.517464251,72,0.498072306,68,4,0.491336655,75,-3,0.501780789,68,4,0.463333701,76,-4
11230660,장안2동,0.515484563,73,0.476327642,74,-1,0.497849467,74,-1,0.500206727,70,3,0.452824384,78,-5
11710561,방이1동,0.511174367,74,0.300627138,112,-38,0.366596834,95,-21,0.36152051,98,-24,0.358560679,97,-23
11680600,대치1동,0.502875647,75,0.482314825,73,2,0.520140966,64,11,0.526296929,62,13,0.555797331,57,18
11530550,구로4동,0.497798699,76,0.39686376,91,-15,0.355872078,96,-20,0.361167154,99,-23,0.360687281,95,-19
11650590,방배본동,0.496641204,77,0.334382661,104,-27,0.305767183,112,-35,0.351699322,102,-25,0.30292853,113,-36
11740610,천호2동,0.491109176,78,0.645523696,44,34,0.60142139,51,27,0.696346978,37,41,0.683180733,39,39
11500535,등촌3동,0.490884825,79,0.291634919,115,-36,0.349279957,101,-22,0.292671804,114,-35,0.343718267,101,-22
11620645,서원동,0.48816935,80,0.443397688,81,-1,0.437833011,83,-3,0.433155316,81,-1,0.391878173,89,-9
11215850,구의1동,0.486991077,81,0.356987568,98,-17,0.334869596,103,-22,0.367085361,97,-16,0.307111416,110,-29
11410585,신촌동,0.481563871,82,0.398496523,89,-7,0.413630845,85,-3,0.384434519,92,-10,0.491368307,71,11
11740650,성내2동,0.481071138,83,0.444736422,80,3,0.511722168,65,18,0.437485521,80,3,0.450882819,79,4
11545610,독산1동,0.46978927,84,0.459964844,76,8,0.44602724,81,3,0.429569798,82,2,0.400203855,87,-3
11110630,종로56가동,0.469042712,85,0.533208825,61,24,0.539674818,57,28,0.577965769,52,33,0.581760765,52,33
11500520,등촌1동,0.467106741,86,0.630154534,47,39,0.627949759,49,37,0.638376227,45,41,0.60751921,48,38
11440585,도화동,0.458093657,87,0.441293739,82,5,0.507085781,69,18,0.45570933,77,10,0.408640158,86,1
11740530,명일1동,0.455867522,88,0.563183647,55,33,0.633358703,47,41,0.560015638,56,32,0.595628223,49,39
11440680,합정동,0.447089515,89,0.45563631,78,11,0.465428916,78,11,0.407808906,87,2,0.431481257,83,6
11440555,아현동,0.445598094,90,0.59540161,51,39,0.640256602,45,45,0.59025577,50,40,0.640513865,44,46
11620595,청룡동,0.439336962,91,0.372322667,95,-4,0.326571638,106,-15,0.426555733,83,8,0.384384498,92,-1
11650560,반포1동,0.433981684,92,0.531601605,62,30,0.506419442,70,22,0.484795323,72,20,0.541163103,59,33
11560710,대림2동,0.433361752,93,0.299066839,113,-20,0.333742925,104,-11,0.242064184,127,-34,0.218107285,136,-43
11500630,방화1동,0.433317502,94,0.34008202,103,-9,0.339427984,102,-8,0.293194531,113,-19,0.259806652,123,-29
11545670,시흥1동,0.426909314,95,0.368513431,96,-1,0.380227367,93,2,0.381967013,93,2,0.348367307,100,-5
11560560,당산2동,0.424750817,96,0.235633723,133,-37,0.298146497,114,-18,0.25987923,124,-28,0.311334685,108,-12
11620615,중앙동,0.413667429,97,0.270215064,122,-25,0.30602548,109,-12,0.255584874,126,-29,0.259224027,124,-27
11305595,번1동,0.412382139,98,0.325333461,106,-8,0.332279178,105,-7,0.296232091,112,-14,0.342121114,102,-4
11740570,암사1동,0.40962142,99,0.275758559,120,-21,0.18741132,143,-44,0.145615095,151,-52,0.247460232,128,-29
11350595,공릉1동,0.407768204,100,0.356646488,99,1,0.409215754,86,14,0.407176814,88,12,0.408982292,85,15
11170685,한남동,0.403216351,101,0.343193043,102,-1,0.305954751,110,-9,0.379978437,95,6,0.358813394,96,5
11650510,서초1동,0.402772111,102,0.458156832,77,25,0.439236249,82,20,0.459752729,74,28,0.468689594,74,28
11290555,삼선동,0.396821017,103,0.28974285,116,-13,0.227256977,132,-29,0.23954809,128,-25,0.230048285,132,-29
11200670,성수2가1동,0.39441503,104,0.152159975,154,-50,0.171606918,148,-44,0.168478382,147,-43,0.171347922,147,-43
11140615,신당동,0.392372608,105,0.437492395,83,22,0.453928097,79,26,0.393438688,89,16,0.491420785,70,35
11140670,황학동,0.391959485,106,0.390430393,92,14,0.385854865,91,15,0.414860289,86,20,0.375904021,93,13
11620725,조원동,0.391559317,107,0.368045675,97,10,0.385666426,92,15,0.345272449,104,3,0.399586614,88,19
11650621,방배4동,0.387703424,108,0.251204323,125,-17,0.251438457,126,-18,0.297244812,111,-3,0.287076367,115,-7
11500560,화곡3동,0.386476835,109,0.27081641,121,-12,0.232608351,130,-21,0.313164834,107,2,0.250347516,126,-17
11590510,노량진1동,0.385444673,110,0.311527099,110,0,0.351370359,100,10,0.333971875,105,5,0.385963893,91,19
11230536,용신동,0.379415865,111,0.397068033,90,21,0.466432833,77,34,0.387612964,91,20,0.441029882,81,30
11530530,구로2동,0.379118071,112,0.330369659,105,7,0.35466712,97,15,0.275834344,119,-7,0.329079589,104,8
11110670,창신1동,0.378027482,113,0.264329564,123,-10,0.258732523,124,-11,0.180756181,144,-31,0.30611909,111,2
11380570,대조동,0.3761125,114,0.373669831,94,20,0.395167033,89,25,0.426063466,84,30,0.349188565,99,15
11710610,삼전동,0.375895557,115,0.416981707,85,30,0.39462072,90,25,0.448743924,78,37,0.449229648,80,35
11215730,군자동,0.374080415,116,0.24037376,130,-14,0.281105804,121,-5,0.305241008,109,7,0.263629151,120,-4
11740640,성내1동,0.373627316,117,0.350363997,101,16,0.395171628,88,29,0.301119554,110,7,0.332125346,103,14
11410615,연희동,0.369954551,118,0.242188644,128,-10,0.195585898,141,-23,0.290440644,115,3,0.220870758,135,-17
11560680,신길6동,0.353976752,119,0.0936849815,165,-46,0.0721337769,176,-57,0.0135368384,200,-81,0.111447274,156,-37
11440610,염리동,0.351356581,120,0.45349846,79,41,0.39549456,87,33,0.443200186,79,41,0.421801131,84,36
11215740,중곡1동,0.346726005,121,0.291665235,114,7,0.266097955,123,-2,0.284935092,117,4,0.205835907,139,-18
11590520,노량진2동,0.340969736,122,0.602620494,48,74,0.508191926,68,54,0.58566562,51,71,0.537914851,60,62
11740620,천호3동,0.337729254,123,0.35076394,100,23,0.292167712,118,5,0.356379732,100,23,0.282829495,116,7
11470530,목3동,0.335159523,124,0.288911757,117,7,0.242500238,129,-5,0.279478325,118,6,0.224072614,133,-9
11440720,성산1동,0.328922973,125,-0.0691270213,230,-105,-0.0670287679,231,-106,-0.0566393573,227,-102,-0.129912693,242,-117
11380551,갈현1동,0.327309633,126,0.0531023439,182,-56,0.0566781015,181,-55,0.0577899301,185,-59,0.0715672447,170,-44
11500591,화곡6동,0.321869141,127,0.240324564,131,-4,0.205793418,140,-13,0.221482543,133,-6,0.155616058,150,-23
11320690,방학1동,0.320306225,128,0.200364642,143,-15,0.210446747,138,-10,0.194152755,138,-10,0.236570545,131,-3
11215750,중곡2동,0.314621655,129,0.120023394,160,-31,0.111736044,161,-32,0.183041094,142,-13,0.105638449,161,-32
11740540,명일2동,0.312258423,130,0.375823179,93,37,0.377246701,94,36,0.387797672,90,40,0.388259949,90,40
11440565,공덕동,0.31029114,131,0.199988544,144,-13,0.255616947,125,6,0.275493502,120,11,0.251044465,125,6
11620575,행운동,0.302160231,132,0.263402803,124,8,0.245907362,128,4,0.227259005,131,1,0.261802122,121,11
11230740,이문1동,0.282050097,133,-0.119662211,240,-107,-0.0246202519,216,-83,0.00680641869,202,-69,0.0843069289,168,-35
11500615,우장산동,0.277872244,134,0.174522442,151,-17,0.146651593,151,-17,0.078811464,172,-38,0.060199277,172,-38
11215847,자양4동,0.272079909,135,0.224276507,136,-1,0.174807723,147,-12,0.236214753,129,6,0.303042494,112,23
11440600,대흥동,0.271335365,136,0.224316933,135,1,0.174976127,146,-10,0.184179881,141,-5,0.260872156,122,14
11200560,행당1동,0.26625812,137,0.237954579,132,5,0.28941573,119,18,0.287240664,116,21,0.309152385,109,28
11110650,혜화동,0.261105211,138,0.281479448,118,20,0.30831166,108,30,0.258833858,125,13,0.248964302,127,11
11470620,신정1동,0.261009536,139,0.0940916049,164,-25,0.096496937,168,-29,0.0997047523,164,-25,0.0437328681,183,-44
11260565,면목본동,0.255817123,140,0.243552561,127,13,0.220707078,135,5,0.198416968,136,4,0.244785651,130,10
11470560,신월1동,0.254370079,141,0.0509396166,183,-42,0.0470924616,188,-47,0.0602658771,184,-43,0.0585667526,175,-34
11350695,상계67동,0.252315375,142,0.42749257,84,58,0.353675939,98,44,0.353891393,101,41,0.273323873,119,23
11170590,용문동,0.250810593,143,0.0476900212,184,-41,0.109676627,162,-19,0.0919448927,167,-24,0.0485795882,181,-38
11140635,약수동,0.250726046,144,0.029648327,188,-44,0.080987064,169,-25,-0.0352857016,216,-72,-0.0931004123,231,-87
11380625,역촌동,0.239246588,145,0.14300894,156,-11,0.192935243,142,3,0.171636734,146,-1,0.106207875,160,-15
11710641,문정1동,0.235800895,146,0.21289603,139,7,0.250336142,127,19,0.130154167,154,-8,0.143006367,151,-5
11470550,목5동,0.232959241,147,0.31412235,108,39,0.305918062,111,36,0.272871891,122,25,0.323737967,105,42
11710632,가락2동,0.232801999,148,0.279811285,119,29,0.297507439,115,33,0.267690904,123,25,0.245414501,129,19
11545630,독산3동,0.229468648,149,0.126713335,159,-10,0.0499633147,187,-38,0.0969440195,165,-16,0.0593985601,174,-25
11650610,방배2동,0.224883007,150,0.320310975,107,43,0.296181662,117,33,0.33024929,106,44,0.287465441,114,36
11560620,양평2동,0.219231432,151,0.198286908,145,6,0.141103525,153,-2,0.182116262,143,8,0.223470387,134,17
11620685,신사동,0.219059962,152,0.0810043441,175,-23,0.0367375662,193,-41,0.0148468554,199,-47,0.0130844008,199,-47
11560610,양평1동,0.218856727,153,0.210154139,140,13,0.120218109,160,-7,0.16581514,148,5,0.171617259,146,7
11710631,가락1동,0.215053326,154,0.224592017,134,20,0.206242125,139,15,0.273739863,121,33,0.200473422,141,13
11380600,응암3동,0.211705013,155,0.195931619,147,8,0.26754329,122,33,0.223915394,132,23,0.107785158,159,-4
11410700,남가좌2동,0.208346776,156,0.128242269,158,-2,0.103966177,165,-9,0.0687941623,180,-24,0.0947364517,164,-8
11590660,대방동,0.198327541,157,0.108472837,163,-6,0.0729502927,174,-17,0.0729354732,175,-18,0.0915708295,166,-9
11710570,오금동,0.197783371,158,0.216249914,138,20,0.218166946,137,21,0.197002716,137,21,0.182080938,145,13
11470540,목4동,0.197584046,159,0.0848901906,171,-12,0.10172529,166,-7,0.122124098,157,2,0.0278004488,194,-35
11305535,미아동,0.194343324,160,0.241646365,129,31,0.226566168,133,27,0.232815958,130,30,0.21663927,137,23
11590540,상도2동,0.186401998,161,-0.0252088671,212,-51,-0.0288676222,220,-59,-0.0256478817,214,-53,-0.0377457499,215,-54
11110600,가회동,0.181964357,162,0.0576379831,180,-18,0.0503265954,186,-24,0.132951212,153,9,0.0560222772,177,-15
11710590,송파2동,0.180011065,163,0.0640372032,177,-14,0.131156528,155,8,0.0947223264,166,-3,0.109345238,157,6
11590550,상도3동,0.178065275,164,-0.00718890123,206,-42,0.059164152,179,-15,0.0212862003,194,-30,-0.0104482928,207,-43
11230710,회기동,0.173016748,165,-0.00686377778,205,-40,0.0443643553,190,-25,-0.00693921637,206,-41,0.0203260242,195,-30
11620605,은천동,0.169963303,166,0.0242994645,189,-23,0.0806650852,170,-4,0.0150447133,198,-32,0.0311044271,193,-27
11380552,갈현2동,0.168475788,167,0.0752184204,176,-9,0.125052217,159,8,0.11466065,160,7,0.0572529859,176,-9
11560700,대림1동,0.167125196,168,0.057746782,179,-11,0.10524952,164,4,0.126148015,155,13,0.166763479,148,20
11440655,서강동,0.166641361,169,0.149356668,155,14,0.0776777364,172,-3,0.115045148,159,10,0.038938081,188,-19
11170560,원효로1동,0.16614101,170,0.21780691,137,33,0.141154761,152,18,0.101200001,163,7,0.209141673,138,32
11530750,개봉2동,0.144967522,171,0.0209055656,190,-19,0.0571878169,180,-9,0.078562242,173,-2,0.0904657989,167,4
11290705,종암동,0.137323392,172,0.0172207864,192,-20,0.0273135145,198,-26,-0.0513105728,221,-49,0.00854170503,200,-28
11140665,동화동,0.135597317,173,-0.123102995,245,-72,-0.0963575709,237,-64,-0.112273952,241,-68,-0.160347664,255,-82
11215780,능동,0.128107108,174,-0.200658246,267,-93,-0.172535427,260,-86,-0.220786551,274,-100,-0.234703608,280,-106
11380580,응암1동,0.120112854,175,0.20503424,141,34,0.218421367,136,39,0.139828282,152,23,0.183127516,144,31
11170520,용산2가동,0.115533042,176,-0.237839952,281,-105,-0.227063847,275,-99,-0.280361174,294,-118,-0.278502641,294,-118
11500593,화곡8동,0.113329774,177,0.136948881,157,20,0.0530274377,183,-6,0.0724869057,176,1,0.0942261132,165,12
11230610,답십리2동,0.112233092,178,-0.0552813797,226,-48,-0.0255809009,218,-40,-0.0249447341,213,-35,-0.045384494,219,-41
11320670,쌍문2동,0.112194683,179,0.0178974471,191,-12,0.0503759374,185,-6,0.0164690162,197,-18,-0.00811672106,206,-27
11620585,낙성대동,0.110827122,180,0.112383204,162,18,0.0420773576,191,-11,0.0277697117,190,-10,0.0979401886,163,17
11590670,신대방1동,0.109616296,181,-0.212735914,273,-92,-0.218219952,271,-90,-0.250648064,287,-106,-0.264915899,291,-110
11110640,이화동,0.109309988,182,-0.00858144653,208,-26,0.00616453977,205,-23,-0.0197629509,210,-28,0.0428788734,185,-3
11710680,잠실3동,0.0897742135,183,0.183671545,150,33,0.228751957,131,52,0.15102462,150,33,0.194873876,142,41
11290600,안암동,0.0883722611,184,-0.012234881,209,-25,0.0788851766,171,13,0.041590105,187,-3,0.059744471,173,11
11740600,천호1동,0.0852719905,185,0.0857814061,170,15,0.0702111156,177,8,0.0688243788,179,6,0.0428097376,186,-1
11290725,월곡2동,0.0819849147,186,-0.0893735285,234,-48,-0.0777048657,233,-47,-0.127641318,245,-59,-0.149189175,250,-64
11230720,휘경1동,0.081653404,187,-0.0500455205,223,-36,-0.037738064,222,-35,-0.0120700741,208,-21,-0.0557368255,221,-34
11500590,화곡본동,0.0813075196,188,0.170335662,152,36,0.137854091,154,34,0.0843707481,171,17,0.161581186,149,39
11200550,사근동,0.0788073653,189,-0.148910803,251,-62,-0.118399343,244,-55,-0.127305154,244,-55,-0.174355351,257,-68
11590530,상도1동,0.0765999584,190,0.0863315092,169,21,0.129568541,156,34,0.101380266,162,28,0.114380229,155,35
11305545,송중동,0.0737737539,191,0.188581637,148,43,0.186832027,144,47,0.176509902,145,46,0.18681701,143,48
11170555,청파동,0.0735992224,192,0.00846822436,196,-4,0.0354756048,194,-2,0.0214644959,193,-1,0.0639897038,171,21
11140650,신당5동,0.0729229754,193,0.0452468536,185,8,0.0353689849,195,-2,0.0228204338,192,1,-0.0293239154,213,-20
11410720,북가좌2동,0.0626068753,194,0.0815675378,174,20,0.0544818159,182,12,0.0724328572,177,17,0.0020780032,201,-7
11620525,보라매동,0.0608333296,195,0.0833989385,172,23,0.0638168935,178,17,0.067170441,181,14,0.0525545566,178,17
11140570,필동,0.0603941761,196,0.0169731066,193,3,0.0138190124,203,-7,0.0706886946,178,18,0.0385502908,189,7
11530770,오류1동,0.0589757026,197,-0.0348709686,218,-21,-0.0805861764,234,-37,0.0277448658,191,6,-0.0723583733,224,-27
11110710,숭인2동,0.0517962889,198,0.081863872,173,25,0.100657152,167,31,0.115730515,158,40,0.122373292,154,44
11440700,망원2동,0.0516034961,199,-0.0057924813,204,-5,-0.0275332242,219,-20,0.0167355562,196,3,-0.0277294403,212,-13
11560515,영등포본동,0.0481723735,200,0.184074943,149,51,0.126592831,158,42,0.152766037,149,51,0.142055642,152,48
11650651,양재1동,0.0416647082,201,0.0587967804,178,23,0.0453667337,189,12,0.0617402863,182,19,0.0334399079,191,10
11680750,수서동,0.0393385398,202,0.113141584,161,41,0.221635009,134,68,0.192719892,139,63,0.204556545,140,62
11440740,상암동,0.0376577266,203,-0.151775385,253,-50,-0.160982887,253,-50,-0.20645344,268,-65,-0.257995774,287,-84
11320514,창4동,0.0304625445,204,-0.12213451,244,-40,-0.131793679,246,-42,-0.152785508,252,-48,-0.051361732,220,-16
11350625,중계23동,0.0271587414,205,0.00556183039,197,8,0.0280040077,197,8,-0.0030433738,205,0,0.0438238653,182,23
11500510,염창동,0.0233713423,206,0.197216325,146,60,0.168693959,149,57,0.213034769,135,71,0.275704828,118,88
11410690,남가좌1동,0.0170974829,207,-0.0383336464,219,-12,-0.0251860829,217,-10,-0.0740214754,235,-28,-0.0622245745,223,-16
11560630,신길1동,0.0135575834,208,-0.0314484248,215,-7,-0.0444423397,224,-16,-0.0666009451,233,-25,-0.0137339861,208,0
11230600,답십리1동,0.0126929701,209,0.153065124,153,56,0.184091077,145,64,0.187611855,140,69,0.124637569,153,56
11260630,묵2동,0.00590166999,210,0.0320320271,187,23,0.0387625063,192,18,-0.0217332523,211,-1,0.0149725903,198,12
11500570,화곡4동,0.00302685864,211,0.0146969869,194,17,0.0317783199,196,15,-0.00965767515,207,4,-0.0453087309,218,-7
11320680,쌍문3동,0.00110409306,212,-0.00811994822,207,5,-0.0168178125,212,0,-0.0599900164,229,-17,-0.0853609586,229,-17
11260580,상봉1동,0.000115887751,213,-0.0220122594,210,3,0.00976088197,204,9,0.00655762589,203,10,-0.0190542455,210,3
11215860,구의2동,-0.00139669352,214,-0.0395995719,220,-6,-0.0649719789,230,-16,-0.0547893547,224,-10,-0.0395665201,217,-3
11500550,화곡2동,-0.00197989203,215,-0.0645758698,229,-14,-0.164640209,257,-42,-0.212862147,271,-56,-0.210908191,269,-54
11470570,신월2동,-0.00837391618,216,-0.292113747,297,-81,-0.367504547,317,-101,-0.307466063,303,-87,-0.346293431,307,-91
11350560,월계1동,-0.00957342429,217,-0.205790993,270,-53,-0.22123915,272,-55,-0.212137633,270,-53,-0.203013759,265,-48
11620625,인헌동,-0.014558366,218,0.0874229674,168,50,0.109654802,163,55,0.089252275,168,50,0.101131525,162,56
11590650,사당4동,-0.0385067419,219,-0.196440503,265,-46,-0.132427515,247,-28,-0.118401765,243,-24,-0.13977723,246,-27
11215840,자양3동,-0.0396003925,220,0.00276112125,198,22,0.00332798522,207,13,0.0862408044,170,50,0.0331841177,192,28
11530720,고척1동,-0.0426812022,221,0.245525509,126,95,0.301807008,113,108,0.213695558,134,87,0.316317423,107,114
11290660,길음1동,-0.0466892065,222,-0.104551075,236,-14,-0.115205405,242,-20,-0.0661636093,232,-10,-0.10953608,236,-14
11560650,신길3동,-0.0489171276,223,-0.126330093,246,-23,-0.170355133,259,-36,-0.147745325,251,-28,-0.095265551,233,-10
11260620,묵1동,-0.0559745931,224,-0.00113813139,201,23,-0.0515789133,226,-2,-0.0142165381,209,15,-0.0176772809,209,15
11230705,청량리동,-0.060172131,225,-0.0743288252,231,-6,-0.06284302,227,-2,-0.0924481322,237,-12,-0.0950220009,232,-7
11620655,신원동,-0.065380201,226,-0.24959755,289,-63,-0.193456101,267,-41,-0.204390206,267,-41,-0.169146499,256,-30
11650652,양재2동,-0.0659348954,227,-0.0331702303,216,11,0.00123434041,208,19,0.0607199027,183,44,-0.00493483222,203,24
11230560,전농1동,-0.0677203762,228,0.0379811127,186,42,0.128982365,157,71,0.0784910288,174,54,0.0189067733,196,32
11170510,후암동,-0.0680811244,229,-0.210280463,272,-43,-0.268454096,288,-59,-0.166069355,256,-27,-0.255687994,286,-57
11215830,자양2동,-0.0691731362,230,-0.240093926,283,-53,-0.250688596,285,-55,-0.250832467,288,-58,-0.232399929,278,-48
11140645,청구동,-0.0734534526,231,-0.391799136,320,-89,-0.433906199,334,-103,-0.514832627,348,-117,-0.487404341,342,-111
11530595,가리봉동,-0.0751543352,232,-0.2033747,268,-36,-0.247756096,284,-52,-0.280249383,293,-61,-0.14588628,249,-17
11740560,고덕2동,-0.0764448705,233,-0.0012516785,202,31,0.0249669592,200,33,0.0442977785,186,47,0.043633107,184,49
11545620,독산2동,-0.0780541275,234,-0.111942895,238,-4,-0.16835397,258,-24,-0.1435519,250,-16,-0.155243133,252,-18
11710646,장지동,-0.0837314458,235,-0.150602786,252,-17,-0.163686765,256,-21,-0.180277611,262,-27,-0.195663097,263,-28
11305615,수유1동,-0.0852536158,236,-0.187182599,262,-26,-0.113357661,240,-4,-0.137103597,249,-13,-0.14463103,248,-12
11140625,다산동,-0.086017078,237,0.0932290943,166,71,0.0737996494,173,64,0.0345361066,189,48,0.015217333,197,40
11530740,개봉1동,-0.088960312,238,-0.17526895,257,-19,-0.155875896,251,-13,-0.203659087,266,-28,-0.182206216,260,-22
11710670,잠실2동,-0.0925288117,239,-0.190638805,264,-25,-0.221722049,274,-35,-0.226605921,275,-36,-0.123567337,241,-2
11200540,마장동,-0.0964148933,240,-0.226913261,279,-39,-0.18453067,264,-24,-0.220208155,273,-33,-0.224489293,275,-35
11680690,개포4동,-0.0965810191,241,0.00923044093,195,46,0.0515974673,184,57,-0.0384935143,218,23,-0.00287099704,202,39
11380631,신사1동,-0.0967028902,242,-0.176277855,258,-16,-0.192034507,266,-24,-0.236123225,282,-40,-0.181376105,259,-17
11320512,창2동,-0.100895502,243,-0.311070286,301,-58,-0.342771193,311,-68,-0.371402968,314,-71,-0.283353027,295,-52
11440730,성산2동,-0.101880095,244,-0.0224511454,211,33,-0.00451400995,210,34,-0.0225826633,212,32,0.0493081225,180,64
11440630,신수동,-0.103602475,245,-0.276981325,295,-50,-0.295955575,296,-51,-0.24591976,285,-40,-0.29883836,300,-55
11260655,망우본동,-0.104069281,246,0.00102458661,200,46,-0.0182560192,213,33,0.123901567,156,90,0.0405651534,187,59
11650580,반포3동,-0.105987507,247,-0.0278509065,214,33,-0.0744056768,232,15,0.109570565,161,86,0.0369108409,190,57
11290810,석관동,-0.108566028,248,-0.0577811402,228,20,-0.0092197275,211,37,-0.0548954747,225,23,-0.0962828627,234,14
11305555,송천동,-0.108806908,249,-0.0846193135,233,16,0.0143723103,202,47,-0.0371389656,217,32,-0.0725036141,225,24
11350611,하계1동,-0.108868774,250,-0.257798824,292,-42,-0.25386365,287,-37,-0.24787464,286,-36,-0.26396463,290,-40
11140580,장충동,-0.111624792,251,-0.340640611,308,-57,-0.342271392,310,-59,-0.281059701,295,-44,-0.232876614,279,-28
11410565,충현동,-0.112292562,252,-0.106378721,237,15,-0.084064343,235,17,-0.0559096997,226,26,-0.11716711,239,13
11320511,창1동,-0.116492301,253,-0.181259571,259,-6,-0.152392347,249,4,-0.18598217,263,-10,-0.159114006,253,0
11215810,광장동,-0.117878322,254,-0.182951382,260,-6,-0.139024281,248,6,-0.17308164,259,-5,-0.13946926,245,9
11590630,사당2동,-0.119009877,255,-0.0040065554,203,52,-0.0415515793,223,32,-0.0634846613,230,25,-0.00501963388,204,51
11470610,신월6동,-0.122829636,256,-0.221827215,277,-21,-0.161429301,254,2,-0.175168022,260,-4,-0.192312529,262,-6
11530730,고척2동,-0.126877721,257,-0.223176168,278,-21,-0.24002742,281,-24,-0.167417644,257,0,-0.187410413,261,-4
11710532,거여2동,-0.130961097,258,0.00155615678,199,59,-0.00384859744,209,49,0.000106690342,204,54,-0.0341750321,214,44
11320700,방학2동,-0.133844609,259,-0.205988093,271,-12,-0.213959419,269,-10,-0.207138799,269,-10,-0.204267696,267,-8
11260575,면목38동,-0.135546049,260,-0.120639532,242,18,-0.09175002,236,24,-0.106440376,240,20,-0.130984484,243,17
11560585,도림동,-0.139117115,261,-0.219925893,274,-13,-0.275620619,292,-31,-0.227221806,276,-15,-0.220828654,272,-11
11380510,녹번동,-0.140154423,262,-0.0410376429,221,41,-0.0487914011,225,37,-0.0659285631,231,31,-0.103322068,235,27
11290770,장위2동,-0.141745347,263,-0.318960314,305,-42,-0.314000109,301,-38,-0.552694375,357,-94,-0.345298634,306,-43
11260610,중화2동,-0.14406405,264,-0.0570159681,227,37,-0.0230420443,215,49,0.0130496712,201,63,-0.0755128855,227,37
11350624,중계4동,-0.145356999,265,-0.0751245804,232,33,-0.0215454903,214,51,-0.054303054,223,42,-0.0614720916,222,43
11260680,신내1동,-0.159227167,266,-0.298314121,298,-32,-0.326193464,305,-39,-0.315935664,305,-39,-0.250448834,285,-19
11320522,도봉2동,-0.160800719,267,-0.39516167,321,-54,-0.420639349,329,-62,-0.442352015,330,-63,-0.370383943,315,-48
11260520,면목2동,-0.170625658,268,-0.139599382,248,20,-0.0646361278,229,39,-0.104216035,239,29,-0.0924162731,230,38
11620765,미성동,-0.171121208,269,-0.236786385,280,-11,-0.25368198,286,-17,-0.252106673,289,-20,-0.207552322,268,1
11305625,수유2동,-0.172015113,270,-0.120047424,241,29,-0.103126603,238,32,-0.103864238,238,32,-0.111226459,237,33
11530510,신도림동,-0.17206798,271,0.0547590278,181,90,0.0270152137,199,72,0.0374015995,188,83,0.0498055062,179,92
11110540,삼청동,-0.175593155,272,-0.113445009,239,33,-0.274909007,290,-18,-0.157825435,254,18,-0.274318998,293,-21
11530760,개봉3동,-0.176916268,273,-0.242930243,285,-12,-0.306556159,299,-26,-0.292111077,297,-24,-0.300954279,302,-29
11350670,상계5동,-0.178541642,274,-0.183688656,261,13,-0.176008953,261,13,-0.199623065,265,9,-0.248850606,284,-10
11410640,홍제3동,-0.184270777,275,0.0888519862,167,108,0.0223728306,201,74,-0.0306798431,215,60,0.0756794207,169,106
11215760,중곡3동,-0.186730387,276,-0.163540605,254,22,-0.155429435,250,26,-0.136740529,248,28,-0.112952695,238,38
11470680,신정7동,-0.191676435,277,-0.244362131,286,-9,-0.183105118,263,14,-0.113650098,242,35,-0.159414773,254,23
11170660,이태원2동,-0.198471378,278,-0.354298824,315,-37,-0.341422966,309,-31,-0.371927699,315,-37,-0.351883781,310,-32
11545710,시흥5동,-0.199954802,279,-0.437147219,331,-52,-0.413345483,324,-45,-0.411911899,323,-44,-0.373791802,317,-38
11545640,독산4동,-0.201924565,280,-0.347181986,313,-33,-0.287985053,294,-14,-0.274212785,291,-11,-0.307335427,303,-23
11470520,목2동,-0.206285611,281,-0.0278508497,213,68,0.00339566051,206,75,-0.0590655896,228,53,-0.0752127056,226,55
11470590,신월4동,-0.209951467,282,-0.14406911,249,33,-0.124465514,245,37,-0.152990077,253,29,-0.143149313,247,35
11200615,금호23가동,-0.211942175,283,-0.256683863,291,-8,-0.300212648,298,-15,-0.236614176,283,0,-0.232074924,277,6
11350621,중계1동,-0.212986293,284,-0.144782143,250,34,-0.160571669,252,32,-0.128865454,246,38,-0.17976571,258,26
11470670,신정6동,-0.214147465,285,-0.472303083,342,-57,-0.475389826,340,-55,-0.474652672,339,-54,-0.454828611,333,-48
11290715,월곡1동,-0.224754423,286,-0.220247297,275,11,-0.177883233,262,24,-0.22832794,278,8,-0.133220374,244,42
11200650,성수1가1동,-0.225008763,287,-0.166045459,256,31,-0.231078064,278,9,-0.233224539,279,8,-0.217109787,271,16
11260570,면목7동,-0.227082857,288,-0.101045524,235,53,-0.11488512,241,47,-0.0726559378,234,54,-0.0389312684,216,72
11710550,마천2동,-0.230259225,289,-0.0531023248,225,64,-0.118265785,243,46,-0.054034241,222,67,-0.122822135,240,49
11350630,상계1동,-0.239143127,290,-0.344889483,311,-21,-0.374445503,319,-29,-0.399434148,319,-29,-0.350529547,309,-19
11260690,신내2동,-0.242550288,291,-0.127432074,247,44,-0.106250477,239,52,-0.0843396622,236,55,-0.150829383,251,40
11680670,개포2동,-0.244621232,292,-0.204742544,269,23,-0.162216883,255,37,-0.197898823,264,28,-0.225797878,276,16
11380590,응암2동,-0.249332416,293,-0.447660891,336,-43,-0.400566653,322,-29,-0.405058895,321,-28,-0.427828517,327,-34
11350619,중계본동,-0.25003326,294,-0.259025397,293,1,-0.21641205,270,24,-0.298082234,300,-6,-0.221115092,273,21
11290685,길음2동,-0.254845798,295,-0.0440292432,222,73,0.0724030286,175,120,-0.0392668319,219,76,-0.00689304542,205,90
11290525,성북동,-0.259354457,296,-0.341995387,309,-13,-0.386025326,321,-25,-0.297347741,299,-3,-0.408801419,324,-28
11710647,위례동,-0.265339474,297,-0.302821392,299,-2,-0.319143897,303,-6,-0.284907441,296,1,-0.259337218,288,9
11470600,신월5동,-0.266831958,298,-0.265276757,294,4,-0.327783756,306,-8,-0.351244393,311,-13,-0.308005536,304,-6
11710540,마천1동,-0.268025663,299,-0.307836382,300,-1,-0.359066162,315,-16,-0.321209089,306,-7,-0.286503656,296,3
11470640,신정3동,-0.2772138,300,-0.358405578,316,-16,-0.381303853,320,-20,-0.375854666,316,-16,-0.389912384,320,-20
11200790,용답동,-0.27839356,301,-0.198317448,266,35,-0.230554249,277,24,-0.163883521,255,46,-0.202792274,264,37
11710531,거여1동,-0.279822928,302,-0.346898083,312,-10,-0.29991561,297,5,-0.238647518,284,18,-0.291828962,298,4
11290610,보문동,-0.285465206,303,-0.237941743,282,21,-0.204040553,268,35,-0.131706722,247,56,-0.211192545,270,33
11350710,상계9동,-0.287682221,304,-0.433059475,329,-25,-0.367528763,318,-14,-0.420070761,324,-20,-0.36351425,313,-9
11230730,휘경2동,-0.290378489,305,-0.454049921,338,-33,-0.531239553,352,-47,-0.52353867,352,-47,-0.522313692,350,-45
11620775,난곡동,-0.292259598,306,-0.314269321,302,4,-0.294652681,295,11,-0.306935174,301,5,-0.321250105,305,1
11410555,북아현동,-0.292574176,307,-0.36555382,317,-10,-0.364714013,316,-9,-0.328571326,307,0,-0.348150369,308,-1
11140680,중림동,-0.295552335,308,-0.0523069808,224,84,-0.0335096055,221,87,0.0202917436,195,113,-0.0807892063,228,80
11560690,신길7동,-0.296065866,309,-0.402976089,323,-14,-0.355234524,314,-5,-0.381966699,317,-8,-0.404418346,323,-14
11410620,홍제1동,-0.302088572,310,-0.221421466,276,34,-0.232832946,279,31,-0.233227387,280,30,-0.245833054,283,27
11590605,흑석동,-0.306640978,311,-0.242233182,284,27,-0.268696681,289,22,-0.215179442,272,39,-0.221763367,274,37
11740700,둔촌2동,-0.322338359,312,-0.252022215,290,22,-0.227896647,276,36,-0.279649951,292,20,-0.291020152,297,15
11500530,등촌2동,-0.328152007,313,-0.441175858,332,-19,-0.531081822,351,-38,-0.465352833,335,-22,-0.467145382,335,-22
11350700,상계8동,-0.328978069,314,-0.423681043,325,-11,-0.437050019,336,-22,-0.514995979,349,-35,-0.4316305,328,-14
11590560,상도4동,-0.333178671,315,-0.390999874,319,-4,-0.414738343,326,-11,-0.421931237,325,-10,-0.470468364,337,-22
11320513,창3동,-0.343238777,316,-0.559920605,359,-43,-0.517806218,350,-34,-0.491826332,341,-25,-0.602317479,364,-48
11305534,삼양동,-0.344936953,317,-0.434063646,330,-13,-0.439419967,337,-20,-0.397412645,318,-1,-0.465237814,334,-17
11380530,불광2동,-0.347901121,318,-0.164160287,255,63,-0.239494751,280,38,-0.266745138,290,28,-0.203492991,266,52
11200520,왕십리2동,-0.350619279,319,-0.120763519,243,76,-0.18661733,265,54,-0.168213963,258,61,-0.237077796,281,38
11110580,교남동,-0.352389191,320,-0.498130354,349,-29,-0.332818645,307,13,-0.435106554,327,-7,-0.431674808,329,-9
11650570,반포2동,-0.354361692,321,-0.459508423,340,-19,-0.416484714,328,-7,-0.470159793,336,-15,-0.300902118,301,20
11380560,구산동,-0.367581776,322,-0.557005587,356,-34,-0.510850981,348,-26,-0.546746786,355,-33,-0.56113307,357,-35
11680730,일원1동,-0.369811428,323,-0.0341273218,217,106,-0.0639533564,228,95,-0.0458623061,220,103,-0.0260471448,211,112
11650620,방배3동,-0.378279009,324,-0.491356917,346,-22,-0.488189416,342,-18,-0.550959452,356,-32,-0.551611873,356,-32
11620665,서림동,-0.379967245,325,-0.31561834,304,21,-0.28115254,293,32,-0.292604221,298,27,-0.364586043,314,11
11290620,정릉1동,-0.381063887,326,-0.455008898,339,-13,-0.423286611,330,-4,-0.446513761,332,-6,-0.357906093,311,15
11620565,성현동,-0.382033063,327,-0.468348733,341,-14,-0.558222857,358,-31,-0.529411124,353,-26,-0.603149363,365,-38
11170570,원효로2동,-0.383629289,328,-0.189234981,263,65,-0.221547252,273,55,-0.175212853,261,67,-0.272074241,292,36
11110570,무악동,-0.384598372,329,-0.525437303,352,-23,-0.687124095,380,-51,-0.483150226,340,-11,-0.630001997,371,-42
11590640,사당3동,-0.387811331,330,-0.430137982,328,2,-0.434633966,335,-5,-0.496858147,344,-14,-0.4498769,331,-1
11230750,이문2동,-0.406851607,331,-0.666621407,376,-45,-0.627549171,371,-40,-0.678627969,380,-49,-0.718517442,384,-53
11305575,삼각산동,-0.407330165,332,-0.315470608,303,29,-0.320259216,304,28,-0.307285432,302,30,-0.374625048,318,14
11560660,신길4동,-0.409171171,333,-0.375457461,318,15,-0.347191024,312,21,-0.34541362,310,23,-0.518715351,349,-16
11410685,홍은2동,-0.413906569,334,-0.444159705,335,-1,-0.41429669,325,9,-0.43078597,326,8,-0.528626647,352,-18
11215770,중곡4동,-0.419124666,335,-0.247016453,288,47,-0.240674006,282,53,-0.309796759,304,31,-0.260452958,289,46
11260660,망우3동,-0.419356077,336,-0.621651569,369,-33,-0.626241714,370,-34,-0.597045681,361,-25,-0.6866826,378,-42
11380520,불광1동,-0.449162667,337,-0.245823707,287,50,-0.275471952,291,46,-0.234148863,281,56,-0.244571352,282,55
11110515,청운효자동,-0.458764366,338,-0.428462276,327,11,-0.46718718,339,-1,-0.522976728,351,-13,-0.470342151,336,2
11320660,쌍문1동,-0.473449841,339,-0.711695579,382,-43,-0.705581908,384,-45,-0.670701505,378,-39,-0.705098406,380,-41
11545700,시흥4동,-0.474941784,340,-0.56050761,360,-20,-0.546426597,355,-15,-0.555813019,358,-18,-0.535747174,354,-14
11320681,쌍문4동,-0.480467702,341,-0.410931052,324,17,-0.479681174,341,0,-0.454382289,334,7,-0.518613978,348,-7
11710690,잠실4동,-0.481858816,342,-0.608834301,367,-25,-0.53172886,353,-11,-0.666804774,376,-34,-0.585750662,360,-18
11230570,전농2동,-0.486497331,343,-0.643262437,372,-29,-0.772671227,393,-50,-0.603001922,363,-20,-0.652142349,373,-30
11110680,창신2동,-0.496888481,344,-0.496053756,348,-4,-0.430521866,333,11,-0.472231551,337,7,-0.473681322,338,6
11200620,금호4가동,-0.499170446,345,-0.338356886,307,38,-0.308831068,300,45,-0.355778898,313,32,-0.295397945,299,46
11470580,신월3동,-0.503179879,346,-0.481563359,343,3,-0.513237105,349,-3,-0.5095434,347,-1,-0.481169617,340,6
11350600,공릉2동,-0.503814223,347,-0.481822713,344,3,-0.498113397,347,0,-0.473328454,338,9,-0.479140275,339,8
11410660,홍은1동,-0.508337052,348,-0.327574355,306,42,-0.333281562,308,40,-0.403040253,320,28,-0.363070164,312,36
11290630,정릉2동,-0.515130397,349,-0.424668911,326,23,-0.415500391,327,22,-0.442606368,331,18,-0.427496087,326,23
11500604,가양2동,-0.516110788,350,-0.443462005,333,17,-0.40132135,323,27,-0.436269766,328,22,-0.414946334,325,25
11620630,남현동,-0.52936316,351,-0.500540995,350,1,-0.451164589,338,13,-0.341907735,308,43,-0.394488733,322,29
11200645,옥수동,-0.531513285,352,-0.449552383,337,15,-0.494387105,345,7,-0.498210868,346,6,-0.449966999,332,20
11170630,이촌1동,-0.5325068,353,-0.59863091,362,-9,-0.592032286,364,-11,-0.624343932,369,-16,-0.628435054,370,-17
11380640,증산동,-0.532537858,354,-0.398370098,322,32,-0.426950654,332,22,-0.406353518,322,32,-0.49182147,343,11
11305660,인수동,-0.53471382,355,-0.598943719,363,-8,-0.633059023,372,-17,-0.609085911,366,-11,-0.535400228,353,2
11740520,상일동,-0.553198494,356,-0.34272406,310,46,-0.316713454,302,54,-0.343308824,309,47,-0.391720453,321,35
11740515,강일동,-0.558920073,357,-0.644727317,373,-16,-0.693033852,381,-24,-0.669859099,377,-20,-0.734602088,386,-29
11290760,장위1동,-0.561781897,358,-0.598577737,361,-3,-0.559364354,360,-2,-0.605617603,365,-7,-0.592534057,361,-3
11530780,오류2동,-0.577675286,359,-0.557740803,357,2,-0.617771303,367,-8,-0.629047987,370,-11,-0.626441855,369,-10
11500620,공항동,-0.608511009,360,-0.529625441,353,7,-0.54032999,354,6,-0.519895771,350,10,-0.482236895,341,19
11110700,숭인1동,-0.608526116,361,-0.813227688,396,-35,-0.708248602,386,-25,-0.789917425,397,-36,-0.72437154,385,-24
11470611,신월7동,-0.608653484,362,-0.443557282,334,28,-0.496261641,346,16,-0.494232632,343,19,-0.547404039,355,7
11380632,신사2동,-0.610042751,363,-0.599993037,364,-1,-0.649158775,377,-14,-0.629362096,371,-8,-0.613976154,367,-4
11260550,면목5동,-0.610190385,364,-0.54566333,355,9,-0.49432932,344,20,-0.492911734,342,22,-0.599966013,363,1
11305608,번3동,-0.615593103,365,-0.618034739,368,-3,-0.699431072,383,-18,-0.754292232,392,-27,-0.638047489,372,-7
11500605,가양3동,-0.628137711,366,-0.668450468,377,-11,-0.580758759,362,4,-0.545821984,354,12,-0.525108779,351,15
11170580,효창동,-0.628986327,367,-0.524991734,351,16,-0.645145115,375,-8,-0.497307195,345,22,-0.508015161,347,20
11410655,홍제2동,-0.637450873,368,-0.491454213,347,21,-0.493474022,343,25,-0.453255657,333,35,-0.50763551,346,22
11380690,진관동,-0.649117421,369,-0.697673481,380,-11,-0.643324845,374,-5,-0.636439696,373,-4,-0.497493007,344,25
11200590,금호1가동,-0.659344617,370,-0.663592315,375,-5,-0.605741291,366,4,-0.640041749,374,-4,-0.570246965,358,12
11620545,청림동,-0.66614132,371,-0.636796743,371,0,-0.645437898,376,-5,-0.621387378,367,4,-0.845580971,398,-27
11260600,중화1동,-0.666547611,372,-0.282034898,296,76,-0.2407801,283,89,-0.227650176,277,95,-0.372518945,316,56
11590651,사당5동,-0.676332333,373,-0.750067798,390,-17,-0.595808011,365,8,-0.682827806,382,-9,-0.717788172,383,-10
11680700,세곡동,-0.68281302,374,-0.644753213,374,0,-0.62533275,369,5,-0.603204132,364,10,-0.612181327,366,8
11740590,암사3동,-0.684837874,375,-0.353658291,314,61,-0.351432618,313,62,-0.354842491,312,63,-0.385339755,319,56
11410520,천연동,-0.698646476,376,-0.557859239,358,18,-0.633611209,373,3,-0.569204068,359,17,-0.597440184,362,14
11500640,방화2동,-0.70118579,377,-0.602205387,366,11,-0.555211357,357,20,-0.631331844,372,5,-0.617995479,368,9
11560670,신길5동,-0.701274573,378,-0.824490219,397,-19,-0.590811158,363,15,-0.789157833,396,-18,-0.861019465,400,-22
11620715,난향동,-0.707874245,379,-0.789689166,395,-16,-0.951007374,406,-27,-0.982980248,410,-31,-0.986697769,407,-28
11290780,장위3동,-0.715555122,380,-0.720152453,383,-3,-0.624531207,368,12,-0.677286584,379,1,-0.570638191,359,21
11530520,구로1동,-0.728103375,381,-0.623545481,370,11,-0.550688098,356,25,-0.62172146,368,13,-0.674112796,377,4
11740580,암사2동,-0.733680133,382,-0.484821391,345,37,-0.423486741,331,51,-0.438479013,329,53,-0.436492936,330,52
11710520,풍납2동,-0.758244382,383,-0.866158202,401,-18,-0.875797195,401,-18,-0.898558461,403,-20,-0.804460432,395,-12
11710510,풍납1동,-0.760530429,384,-0.750703148,391,-7,-0.69319465,382,2,-0.768996148,393,-9,-0.807499624,396,-12
11410710,북가좌1동,-0.767605983,385,-0.728338248,385,0,-0.673266805,379,6,-0.706693057,384,1,-0.735453483,387,-2
11380650,수색동,-0.771762356,386,-0.541499864,354,32,-0.55936888,361,25,-0.585501266,360,26,-0.499557252,345,41
11620735,대학동,-0.772504754,387,-0.769736257,393,-6,-0.7906828,394,-7,-0.736595459,390,-3,-0.743578266,389,-2
11260540,면목4동,-0.782200495,388,-0.600032291,365,23,-0.558936013,359,29,-0.602925104,362,26,-0.66331542,374,14
11290590,돈암2동,-0.811787922,389,-0.72313122,384,5,-0.711082441,387,2,-0.681213768,381,8,-0.751704256,390,-1
11320710,방학3동,-0.832503894,390,-0.770839667,394,-4,-0.769421128,392,-2,-0.730771095,388,2,-0.740846784,388,2
11200570,행당2동,-0.83631029,391,-0.824851269,398,-7,-0.798334171,396,-5,-0.785895089,395,-4,-0.672016097,376,15
11545690,시흥3동,-0.865946607,392,-0.739511971,389,3,-0.706920161,385,7,-0.726478063,386,6,-0.785685515,393,-1
11740550,고덕1동,-0.870527044,393,-0.690572887,378,15,-0.71587305,388,5,-0.729781232,387,6,-0.666422788,375,18
11350612,하계2동,-0.884742018,394,-0.956864444,407,-13,-1.044340654,411,-17,-0.955374717,407,-13,-0.985396243,406,-12
11170700,보광동,-0.896887991,395,-0.971596449,409,-14,-0.895415694,404,-9,-0.973424784,409,-14,-1.012036032,408,-13
11350580,월계3동,-0.906906559,396,-0.734958823,387,9,-0.795554832,395,1,-0.736567264,389,7,-0.71517763,381,15
11200580,응봉동,-0.911507821,397,-1.152554206,415,-18,-1.087867993,414,-17,-1.10947304,414,-17,-1.121422125,413,-16
11200720,송정동,-0.913803789,398,-0.840375196,400,-2,-0.880197011,402,-4,-0.832084892,399,-1,-0.884884168,402,-4
11680720,일원본동,-0.927414703,399,-0.693950279,379,20,-0.669317741,378,21,-0.693525521,383,16,-0.715365813,382,17
11530790,수궁동,-0.950154617,400,-0.887334862,403,-3,-0.884187959,403,-3,-0.920155538,405,-5,-0.858489526,399,1
11320521,도봉1동,-0.961631173,401,-0.735658675,388,13,-0.805975695,397,4,-0.741656625,391,10,-0.776839861,392,9
11710566,오륜동,-0.985323105,402,-0.926629682,405,-3,-0.981357535,408,-6,-0.947212655,406,-4,-0.974908219,405,-3
11170690,서빙고동,-0.995812352,403,-1.116079857,413,-10,-0.940834951,405,-2,-0.904623062,404,-1,-1.1431651,415,-12
11350720,상계10동,-1.004278929,404,-0.828857392,399,5,-0.962562813,407,-3,-0.773855001,394,10,-0.800375909,394,10
11305603,번2동,-1.042043419,405,-1.123636838,414,-9,-1.141493165,416,-11,-1.198157577,415,-10,-1.122978734,414,-9
11290650,정릉4동,-1.045518578,406,-0.729602656,386,20,-0.769210268,391,15,-0.720325751,385,21,-0.689052253,379,27
11500641,방화3동,-1.060235254,407,-0.706548778,381,26,-0.740635742,390,17,-0.657467782,375,32,-0.753965187,391,16
11110690,창신3동,-1.065863232,408,-1.393586198,420,-12,-1.802541091,424,-16,-1.607806201,422,-14,-1.597788056,422,-14
11305645,우이동,-1.084091363,409,-0.89967401,404,5,-0.851668588,400,9,-0.841843981,400,9,-0.910833894,403,6
11110550,부암동,-1.099509351,410,-1.080293159,411,-1,-1.019986719,410,0,-1.055772379,413,-3,-1.095928575,412,-2
11680740,일원2동,-1.102341834,411,-0.935928545,406,5,-1.011019288,409,2,-0.98742879,411,0,-1.077808846,411,0
11290640,정릉3동,-1.134043589,412,-1.095241675,412,0,-1.08755437,413,-1,-1.055125949,412,0,-1.013040588,409,3
11620745,삼성동,-1.207720443,413,-1.018679391,410,3,-1.161099245,417,-4,-0.968312119,408,5,-1.02249586,410,3
11545680,시흥2동,-1.221197759,414,-0.964284799,408,6,-0.810284994,398,16,-0.851372695,401,13,-0.823473547,397,17
11110560,평창동,-1.240957626,415,-1.191506677,416,-1,-1.12175889,415,0,-1.202897742,416,-1,-1.188636163,417,-2
11350665,상계34동,-1.251676253,416,-0.877668651,402,14,-0.834498756,399,17,-0.880311186,402,14,-0.926314743,404,12
11290580,돈암1동,-1.28716337,417,-0.762198392,392,25,-0.737577305,389,28,-0.818789489,398,19,-0.86106162,401,16
11710720,잠실7동,-1.333700152,418,-1.449959133,421,-3,-1.436337081,420,-2,-1.455669541,420,-2,-1.352995022,420,-2
11170640,이촌2동,-1.351836417,419,-1.219454309,417,2,-1.07311321,412,7,-1.240067144,418,1,-1.198493253,418,1
11350570,월계2동,-1.47316307,420,-1.295599032,418,2,-1.258431514,418,2,-1.212956674,417,3,-1.168511518,416,4
11650550,반포본동,-1.513576313,421,-1.546332947,422,-1,-1.630479707,423,-2,-1.635369364,423,-2,-1.803607695,424,-3
11530800,항동,-1.516088913,422,-1.303263585,419,3,-1.340225233,419,3,-1.255325151,419,3,-1.245903949,419,3
11650660,내곡동,-1.600725581,423,-1.548027653,423,0,-1.489957121,421,2,-1.543198701,421,2,-1.509887095,421,2
11680660,개포1동,-2.256321877,424,-1.783967989,424,0,-1.55987721,422,2,-1.688242111,424,0,-1.634130271,423,1
